example,file,refined,ndofs,nnz,spsolve_cpu_s,transfer_s,tol,maxiter,none_status,none_precond_s,none_solve_s,none_readback_s,none_total_s,none_converged,none_iters,none_relres,none_max_abs_diff,none_mean_abs_diff,none_speedup_total,jacobi_status,jacobi_precond_s,jacobi_solve_s,jacobi_readback_s,jacobi_total_s,jacobi_converged,jacobi_iters,jacobi_relres,jacobi_max_abs_diff,jacobi_mean_abs_diff,jacobi_speedup_total,ilu0_status,ilu0_precond_s,ilu0_solve_s,ilu0_readback_s,ilu0_total_s,ilu0_converged,ilu0_iters,ilu0_relres,ilu0_max_abs_diff,ilu0_mean_abs_diff,ilu0_speedup_total,block_jacobi_status,block_jacobi_precond_s,block_jacobi_solve_s,block_jacobi_readback_s,block_jacobi_total_s,block_jacobi_converged,block_jacobi_iters,block_jacobi_relres,block_jacobi_max_abs_diff,block_jacobi_mean_abs_diff,block_jacobi_speedup_total,polynomial_status,polynomial_precond_s,polynomial_solve_s,polynomial_readback_s,polynomial_total_s,polynomial_converged,polynomial_iters,polynomial_relres,polynomial_max_abs_diff,polynomial_mean_abs_diff,polynomial_speedup_total
3,ex03.py,1,2000,16576,0.002099,0.001222,1e-05,5000,converged,2e-06,0.028758,2.1e-05,0.030003,1,18,5.387e-06,0.0001196,3.787e-06,0.06995967069959672,converged,0.026256,0.002242,2.1e-05,0.02974,1,11,7.787e-06,9.925e-05,6.796e-06,0.07057834566240755,converged,0.044913,0.001465,2e-05,0.04762,1,1,2.531e-16,1.554e-15,1.063e-16,0.04407811843763125,converged,0.025629,0.003324,3.2e-05,0.030207,1,10,4.435e-06,8.056e-05,3.917e-06,0.06948720495249446,converged,0.001191,0.034822,2.3e-05,0.037257,1,98,6.164e-06,1.538e-05,2.581e-06,0.056338406205545276
3,ex03.py,2,7524,64900,0.013099,0.001224,1e-05,5000,converged,2e-06,0.027718,3.4e-05,0.028978,1,17,6.058e-06,0.0003986,3.505e-06,0.4520325764372972,converged,0.025983,0.002138,3.2e-05,0.029378,1,10,8.618e-06,0.0001633,5.315e-06,0.44587786779222544,converged,0.059843,0.00933,3.2e-05,0.07043,1,2,2.273e-09,5.253e-08,1.082e-09,0.18598608547493964,converged,0.026648,0.003788,5.8e-05,0.031718,1,10,7.441e-06,0.0001106,8.202e-06,0.4129831641339302,converged,0.001089,0.117074,3.3e-05,0.11942,1,341,8.191e-06,2.389e-05,3.427e-06,0.10968849438954949
3,ex03.py,3,16576,144976,0.034702,0.002289,1e-05,5000,converged,2e-06,0.027689,5.3e-05,0.030033,1,17,4.763e-06,0.0004461,2.27e-06,1.1554623247760796,converged,0.031528,0.002455,5.4e-05,0.036327,1,10,5.832e-06,0.0001709,2.907e-06,0.9552674319376772,converged,0.092717,0.007498,5.3e-05,0.102557,1,2,4.692e-09,6.057e-08,2.323e-09,0.33836793197928955,converged,0.032306,0.004021,0.000149,0.038765,1,9,5.613e-06,0.0004056,2.976e-06,0.8951889591126014,converged,0.001537,0.336212,5.1e-05,0.34009,1,910,8.133e-06,2.323e-05,3.257e-06,0.1020376959040254
3,ex03.py,4,29156,256804,0.065761,0.002532,1e-05,5000,converged,3e-06,0.024947,8e-05,0.027561,1,16,9.929e-06,0.0008854,4.191e-06,2.3860164725517943,converged,0.030321,0.002371,7.5e-05,0.0353,1,9,9.328e-06,0.0003962,3.671e-06,1.862917847025496,converged,0.122586,0.007809,7.1e-05,0.132998,1,2,5.981e-09,7.816e-08,3.467e-09,0.49445104437660714,converged,0.034018,0.004756,0.000194,0.0415,1,10,5.026e-06,0.0001462,5.518e-06,1.584602409638554,converged,0.00141,0.542086,7.2e-05,0.5461,1,1464,9.667e-06,2.501e-05,4.165e-06,0.120419337117744
3,ex03.py,5,45264,400384,0.11307,0.003195,1e-05,5000,converged,2e-06,0.026631,0.000134,0.029961,1,16,8.496e-06,0.0009672,3.249e-06,3.7739060779012714,converged,0.031518,0.002508,0.000107,0.037328,1,9,7.631e-06,0.0003998,2.533e-06,3.0290934419202746,converged,0.171162,0.019369,0.000144,0.193869,1,2,6.513e-09,7.681e-08,3.989e-09,0.5832288813580304,converged,0.031158,0.003454,0.000287,0.038095,1,8,8.707e-06,0.0009283,3.384e-06,2.968106050662817,converged,0.001351,0.984719,9.9e-05,0.989363,1,2618,9.922e-06,3.498e-05,3.932e-06,0.1142856565284936
3,ex03.py,6,64900,575716,0.197927,0.006431,1e-05,5000,converged,2e-06,0.022931,0.000214,0.029578,1,16,7.509e-06,0.001044,2.614e-06,6.691696531205626,converged,0.030733,0.002787,0.000149,0.0401,1,9,6.499e-06,0.0004043,1.872e-06,4.935835411471322,converged,0.247283,0.033446,0.000136,0.287297,1,2,6.156e-09,8.788e-08,3.955e-09,0.6889281823339609,converged,0.033231,0.004846,0.000376,0.044884,1,9,9.304e-06,0.0005959,8.605e-06,4.4097451207557254,converged,0.001481,1.245764,0.000133,1.253809,1,3289,9.908e-06,2.828e-05,4.059e-06,0.15786056727938624
3,ex03.py,7,88064,782800,0.311119,0.006547,1e-05,5000,converged,2e-06,0.024879,0.000367,0.031795,1,16,6.764e-06,0.001113,2.17e-06,9.785154898568958,converged,0.03003,0.002842,0.000186,0.039604,1,9,5.686e-06,0.0004092,1.455e-06,7.855746894253105,converged,0.308927,0.033551,0.000528,0.349553,1,2,6.94e-09,9.919e-08,4.519e-09,0.8900481472051448,converged,0.04805,0.005784,0.00053,0.060912,1,8,7.147e-06,0.001026,2.303e-06,5.107679931704754,converged,0.002199,1.599197,0.000169,1.608112,1,4115,9.956e-06,2.405e-05,4.253e-06,0.19346848975693234
3,ex03.py,8,114756,1021636,0.411709,0.006884,1e-05,5000,converged,2e-06,0.025357,0.000518,0.032762,1,15,9.784e-06,0.002474,2.786e-06,12.566662596911055,converged,0.07597,0.010067,0.000323,0.093244,1,9,5.073e-06,0.0004143,1.171e-06,4.415394019990563,converged,0.440348,0.02907,0.000604,0.476906,1,2,7.195e-09,1.124e-07,4.765e-09,0.8632917178647365,converged,0.036029,0.004884,0.001016,0.048814,1,9,7.903e-06,0.0006813,6.706e-06,8.4342401769984,converged,0.001492,1.815673,0.000337,1.824387,1,4508,9.999e-06,2.422e-05,4.234e-06,0.22566977291550533
3,ex03.py,9,144976,1292224,0.498894,0.012452,1e-05,5000,converged,2e-06,0.02537,0.000603,0.038427,1,15,8.992e-06,0.002564,2.373e-06,12.982902646576624,converged,0.031169,0.002901,0.000274,0.046796,1,8,9.357e-06,0.001126,1.957e-06,10.661039405077357,converged,0.465413,0.031905,0.000397,0.510166,1,2,7.554e-09,1.334e-07,5.108e-09,0.9779052308464303,converged,0.032433,0.004479,0.00103,0.050393,1,8,6.147e-06,0.001105,1.767e-06,9.900065485285655,maxiter,0.001822,2.212156,0.000258,2.226687,0,5000,3.3e-05,7.537e-05,1.393e-05,0.22405214563160425
3,ex03.py,10,178724,1594564,0.683456,0.012549,1e-05,5000,converged,2e-06,0.022649,0.001103,0.036304,1,15,8.34e-06,0.002647,2.055e-06,18.825914499779635,converged,0.03065,0.003236,0.000433,0.046868,1,8,8.568e-06,0.001146,1.654e-06,14.5825723308014,converged,0.536553,0.035258,0.000909,0.585269,1,2,7.954e-09,1.494e-07,5.447e-09,1.1677638829324635,converged,0.033053,0.005241,0.000909,0.051753,1,9,6.976e-06,0.0007519,5.483e-06,13.206113655247037,maxiter,0.001655,2.771704,0.000411,2.786318,0,5000,0.0003246,0.0007323,0.0001298,0.24529002073704434
3,ex03.py,11,216000,1928656,0.784271,0.011259,1e-05,5000,converged,2e-06,0.022052,0.000709,0.034023,1,15,7.791e-06,0.002724,1.804e-06,23.05120065837816,converged,0.029791,0.003465,0.000541,0.045056,1,8,7.917e-06,0.001164,1.422e-06,17.406582919034093,converged,0.639406,0.046523,0.000472,0.69766,1,2,8.244e-09,1.304e-07,5.652e-09,1.124144998996646,converged,0.03145,0.005566,0.001544,0.049819,1,8,5.44e-06,0.001172,1.462e-06,15.742407515205043,maxiter,0.001618,3.352637,0.000473,3.365988,0,5000,0.0001262,0.0003481,5.066e-05,0.23299875103535722
3,ex03.py,12,256804,2294500,1.080233,0.017879,1e-05,5000,converged,2e-06,0.022213,0.0004,0.040494,1,15,7.323e-06,0.002796,1.602e-06,26.67637180816911,converged,0.032297,0.003801,0.000606,0.054583,1,8,7.369e-06,0.001182,1.239e-06,19.79064910320063,converged,0.853934,0.065887,0.000403,0.938105,1,2,8.36e-09,1.509e-07,5.657e-09,1.15150542849681,converged,0.029666,0.007568,0.001706,0.056819,1,9,6.307e-06,0.0008122,4.63e-06,19.01182702969077,maxiter,0.001755,3.797564,0.000397,3.817595,0,5000,0.0002251,0.0005063,8.391e-05,0.28296165517819466
3,ex03.py,13,301136,2692096,1.196314,0.02092,1e-05,5000,converged,2e-06,0.024521,0.000985,0.046427,1,15,6.918e-06,0.002863,1.436e-06,25.767635212268722,converged,0.032595,0.004,0.000676,0.058192,1,8,6.901e-06,0.001199,1.093e-06,20.558049216387133,converged,1.00974,0.054575,0.000432,1.085667,1,2,8.423e-09,1.477e-07,5.768e-09,1.1019161492428158,converged,0.029118,0.006349,0.002011,0.058398,1,7,8.899e-06,0.003604,3.83e-06,20.485530326381042,maxiter,0.00201,4.315197,0.000651,4.338778,0,5000,8.025e-05,0.0001867,3.201e-05,0.27572602239616784
3,ex03.py,14,348996,3121444,1.5442,0.021089,1e-05,5000,converged,3e-06,0.022524,0.001154,0.044769,1,15,6.564e-06,0.002927,1.299e-06,34.492617659541196,converged,0.030703,0.004135,0.001143,0.05707,1,8,6.497e-06,0.001216,9.723e-07,27.05799894865954,converged,1.123858,0.057695,0.000704,1.203347,1,2,8.037e-09,1.706e-07,5.472e-09,1.2832541237066284,converged,0.026215,0.009084,0.000726,0.057115,1,9,5.795e-06,0.0008651,4.003e-06,27.03668038168607,maxiter,0.001841,4.852973,0.000706,4.87661,0,5000,0.0002429,0.0007059,9.326e-05,0.31665439721445837
3,ex03.py,15,400384,3582544,1.844812,0.021772,1e-05,5000,converged,2e-06,0.023815,0.001345,0.046933,1,15,6.252e-06,0.002987,1.187e-06,39.307353035177805,converged,0.030196,0.004498,0.000913,0.057378,1,8,6.143e-06,0.001232,8.724e-07,32.15190491129004,converged,1.253393,0.056836,0.000567,1.332568,1,2,8.142e-09,2.104e-07,5.596e-09,1.3844036476937762,converged,0.026061,0.007522,0.000829,0.056184,1,7,8.023e-06,0.003734,3.358e-06,32.83518439413356,maxiter,0.002479,5.522882,0.00084,5.547973,0,5000,0.0002595,0.0008088,0.0001066,0.332520003251638
3,ex03.py,16,455300,4075396,2.196619,0.02226,1e-05,5000,converged,3e-06,0.022263,0.000619,0.045145,1,15,5.973e-06,0.003045,1.09e-06,48.65697197917821,converged,0.028494,0.004967,0.001651,0.057372,1,8,5.831e-06,0.001247,7.882e-07,38.28730042529457,converged,1.453284,0.028856,0.001277,1.505676,1,2,8.287e-09,1.809e-07,5.76e-09,1.458892218511818,converged,0.032218,0.01167,0.002605,0.068754,1,9,5.387e-06,0.0009123,3.526e-06,31.948962969427235,maxiter,0.002203,6.262905,0.00088,6.288248,0,5000,0.0001104,0.0002838,4.742e-05,0.3493213053938076
3,ex03.py,17,513744,4600000,2.487901,0.035363,1e-05,5000,converged,2e-06,0.026996,0.001707,0.064068,1,15,5.723e-06,0.0031,1.007e-06,38.8321939189611,converged,0.075059,0.00527,0.001294,0.116986,1,8,5.553e-06,0.001261,7.167e-07,21.26665583916024,converged,1.694604,0.072958,0.00072,1.803645,1,2,8.409e-09,1.469e-07,5.871e-09,1.3793739898926896,converged,0.029764,0.009122,0.003111,0.07736,1,7,7.331e-06,0.003853,2.99e-06,32.160043950361946,maxiter,0.002316,7.013734,0.00102,7.052433,0,5000,0.0001545,0.0004681,6.135e-05,0.3527720149911385
3,ex03.py,18,575716,5156356,3.197501,0.03603,1e-05,5000,converged,2e-06,0.028357,0.001682,0.06607,1,15,5.498e-06,0.003152,9.346e-07,48.39565612229453,converged,0.030946,0.006207,0.001867,0.075049,1,8,5.304e-06,0.001275,6.552e-07,42.605511066103475,converged,1.782372,0.097263,0.001976,1.91764,1,2,8.613e-09,2.061e-07,6.024e-09,1.6674146346550969,converged,0.035665,0.012413,0.003035,0.087142,1,9,5.053e-06,0.0009551,3.149e-06,36.69299534093778,maxiter,0.002345,7.844488,0.00077,7.883633,0,5000,0.0001973,0.0009383,7.069e-05,0.40558724638754745
3,ex03.py,19,641216,5744464,3.472066,0.036954,1e-05,5000,converged,2e-06,0.027609,0.00178,0.066345,1,15,5.293e-06,0.003203,8.709e-07,52.333499133318256,converged,0.032286,0.006878,0.002259,0.078377,1,8,5.08e-06,0.001289,6.019e-07,44.29955216453806,converged,2.116142,0.098675,0.00127,2.253041,1,2,8.783e-09,2.243e-07,6.068e-09,1.5410576194574355,converged,0.036538,0.010349,0.002346,0.086187,1,7,6.769e-06,0.003962,2.693e-06,40.28526343880167,maxiter,0.002602,8.766729,0.000872,8.807157,0,5000,0.0001091,0.000258,4.722e-05,0.3942323271857195
3,ex03.py,20,710244,6364324,3.949125,0.038829,1e-05,5000,converged,2e-06,0.025858,0.001273,0.065962,1,14,9.938e-06,0.004797,1.601e-06,59.86969770473909,converged,0.03174,0.007482,0.00255,0.080601,1,8,4.876e-06,0.001302,5.553e-07,48.99598019875683,converged,2.327336,0.096609,0.002026,2.4648,1,2,8.854e-09,1.748e-07,6.119e-09,1.6022091041869524,converged,0.03801,0.01453,0.002444,0.093813,1,9,4.772e-06,0.0009942,2.845e-06,42.09571168174987,maxiter,0.002754,9.854304,0.000945,9.896832,0,5000,0.0001713,0.0005606,7.117e-05,0.39902920449695417
3,ex03.py,21,782800,7015936,4.246358,0.038411,1e-05,5000,converged,3e-06,0.027051,0.001051,0.066515,1,14,9.639e-06,0.004862,1.516e-06,63.840607381793575,converged,0.032085,0.007254,0.002826,0.080577,1,7,9.672e-06,0.002336,9.946e-07,52.69938071658166,converged,2.450141,0.092416,0.002205,2.583173,1,2,8.854e-09,2.245e-07,6.12e-09,1.643853508843581,converged,0.038907,0.014695,0.003246,0.095259,1,7,6.301e-06,0.004063,2.449e-06,44.57697435412927,maxiter,0.002948,11.044094,0.001419,11.086872,0,5000,0.0001578,0.0004177,6.702e-05,0.3830077590866026
3,ex03.py,22,858884,7699300,5.557019,0.041017,1e-05,5000,converged,2e-06,0.027977,0.001116,0.070112,1,14,9.362e-06,0.004924,1.438e-06,79.25917104062073,converged,0.030174,0.007731,0.002355,0.081278,1,7,9.321e-06,0.002362,9.261e-07,68.37051846748197,converged,2.846549,0.11682,0.002501,3.006887,1,2,8.415e-09,1.922e-07,5.851e-09,1.8480970518679287,converged,0.040154,0.0173,0.003165,0.101636,1,9,4.532e-06,0.00103,2.593e-06,54.67569561966233,maxiter,0.002959,12.398716,0.00144,12.444132,0,5000,0.0003984,0.001728,0.0001331,0.44655738142282647
3,ex03.py,23,938496,8414416,6.839056,0.062334,1e-05,5000,converged,2e-06,0.030121,0.001234,0.09369,1,14,9.106e-06,0.004985,1.368e-06,72.99664852172057,converged,0.028518,0.008482,0.001921,0.101254,1,7,8.998e-06,0.002386,8.65e-07,67.54356371106327,converged,3.090333,0.119419,0.002656,3.274742,1,2,8.516e-09,1.94e-07,5.934e-09,2.0884258973684036,converged,0.038263,0.014607,0.003011,0.118214,1,7,5.906e-06,0.004158,2.243e-06,57.85318151826349,maxiter,0.003556,13.911836,0.001231,13.978956,0,5000,0.0001352,0.0006228,4.824e-05,0.4892393967045894
3,ex03.py,24,1021636,9161284,7.30069,0.063277,1e-05,5000,converged,3e-06,0.031113,0.00134,0.095732,1,14,8.867e-06,0.005044,1.305e-06,76.26175155642837,converged,0.030843,0.009465,0.001688,0.105273,1,7,8.7e-06,0.002411,8.102e-07,69.35007076838316,converged,3.36831,0.136856,0.002969,3.571412,1,2,8.62e-09,1.882e-07,6.032e-09,2.044202685100459,converged,0.03805,0.020247,0.002943,0.124516,1,9,4.324e-06,0.001064,2.382e-06,58.63254521507277,maxiter,0.003499,15.55931,0.001454,15.62754,0,5000,0.0001334,0.0004801,5.232e-05,0.46716821713462264
3,ex03.py,25,1108304,9939904,9.64099,0.066322,1e-05,5000,converged,2e-06,0.032584,0.001549,0.100457,1,14,8.644e-06,0.005101,1.247e-06,95.97131110823537,converged,0.031247,0.010187,0.004007,0.111763,1,7,8.423e-06,0.002434,7.608e-07,86.26280611651441,converged,3.882015,0.139387,0.001775,4.089498,1,2,8.712e-09,2.088e-07,6.104e-09,2.3574996246483066,converged,0.037899,0.017359,0.003232,0.124812,1,7,5.566e-06,0.004247,2.068e-06,77.24409511905907,maxiter,0.004141,17.28238,0.001275,17.354118,0,5000,0.0001343,0.0004721,5.559e-05,0.5555447992228704
3,ex03.py,26,1198500,10750276,12.628559,0.067731,1e-05,5000,converged,5e-06,0.034459,0.001562,0.103757,1,14,8.435e-06,0.005157,1.194e-06,121.71283865184999,converged,0.030149,0.011104,0.004087,0.11307,1,7,8.167e-06,0.002457,7.161e-07,111.6879720527107,converged,3.975189,0.160036,0.00142,4.204376,1,2,8.83e-09,1.993e-07,6.187e-09,3.003670223595606,converged,0.03987,0.023826,0.003381,0.134808,1,9,4.142e-06,0.001095,2.202e-06,93.67811257492136,maxiter,0.004737,19.066747,0.001757,19.140972,0,5000,0.0001281,0.0003111,5.488e-05,0.6597658154455269
3,ex03.py,27,1292224,11592400,14.172294,0.06767,1e-05,5000,converged,3e-06,0.035699,0.001916,0.105289,1,14,8.239e-06,0.005211,1.145e-06,134.60374777992004,converged,0.032776,0.012158,0.003808,0.116412,1,7,7.927e-06,0.00248,6.754e-07,121.74255231419441,converged,4.17994,0.145487,0.002008,4.395105,1,2,9.013e-09,1.907e-07,6.295e-09,3.224563235690615,converged,0.038664,0.019644,0.004116,0.130093,1,7,5.271e-06,0.004333,1.917e-06,108.93971235961968,maxiter,0.005856,20.97977,0.001943,21.055239,0,5000,0.0001466,0.0006984,5.382e-05,0.6731005998079623
3,ex03.py,28,1389476,12466276,13.392279,0.067923,1e-05,5000,converged,2e-06,0.036886,0.002129,0.106941,1,14,8.054e-06,0.005264,1.1e-06,125.23053833422168,converged,0.0306,0.013191,0.002666,0.11438,1,7,7.704e-06,0.002502,6.384e-07,117.0858454275223,converged,4.462644,0.167867,0.001851,4.700284,1,2,8.995e-09,1.974e-07,6.24e-09,2.8492488964496614,converged,0.038117,0.027731,0.004218,0.137988,1,9,3.98e-06,0.001125,2.047e-06,97.05393947299766,maxiter,0.006148,23.569187,0.002103,23.645361,0,5000,0.0001229,0.0005254,4.914e-05,0.566380822014094
3,ex03.py,29,1490256,13371904,15.817057,0.069434,1e-05,5000,converged,2e-06,0.042345,0.002842,0.114624,1,14,7.88e-06,0.005316,1.058e-06,137.99079599385817,converged,0.031734,0.014341,0.003455,0.118965,1,7,7.495e-06,0.002523,6.045e-07,132.95554995166646,converged,4.992385,0.205104,0.002879,5.269802,1,2,9.011e-09,1.952e-07,6.255e-09,3.001451857204502,converged,0.040325,0.023133,0.003968,0.13686,1,7,5.011e-06,0.004414,1.785e-06,115.5710726289639,maxiter,0.006138,26.4272,0.002205,26.504977,0,5000,0.0001086,0.0003494,4.521e-05,0.5967579975640047
3,ex03.py,30,1594564,14309284,16.743845,0.078246,1e-05,5000,converged,2e-06,0.0432,0.003527,0.124974,1,14,7.716e-06,0.005366,1.018e-06,133.97862755453136,converged,0.030871,0.01434,0.004236,0.127692,1,7,7.298e-06,0.002544,5.734e-07,131.1268129561758,converged,5.371844,0.191128,0.00337,5.644588,1,2,8.664e-09,2.001e-07,6.059e-09,2.96635378879734,converged,0.04226,0.032625,0.004352,0.157483,1,9,3.835e-06,0.001153,1.912e-06,106.32160296666942,maxiter,0.00772,29.06685,0.002315,29.15513,0,5000,0.0001294,0.0005829,5.358e-05,0.5743018467075949
3,ex03.py,31,1702400,15278416,23.906028,0.071732,1e-05,5000,converged,2e-06,0.045333,0.003837,0.120905,1,14,7.56e-06,0.005415,9.821e-07,197.72571853934906,converged,0.032244,0.017093,0.003893,0.124961,1,7,7.113e-06,0.002564,5.448e-07,191.30791206856537,converged,5.776202,0.174039,0.003387,6.02536,1,2,8.755e-09,1.739e-07,6.136e-09,3.96756841085014,converged,0.041981,0.026886,0.003569,0.144168,1,7,4.781e-06,0.004491,1.669e-06,165.82062593640754,timeout,0.007225,30.008643,0.002277,30.089877,0,4729,0.0001101,0.0004355,4.585e-05,0.7944873952126823
3,ex03.py,32,1813764,16279300,22.520482,0.073163,1e-05,5000,converged,3e-06,0.047776,0.003117,0.124058,1,14,7.412e-06,0.005463,9.481e-07,181.5318802495607,converged,0.031836,0.018743,0.004473,0.128215,1,7,6.938e-06,0.002585,5.184e-07,175.64623483991735,converged,5.893273,0.140219,0.00355,6.110205,1,2,8.824e-09,1.877e-07,6.19e-09,3.685716273021937,converged,0.043257,0.037436,0.004115,0.157971,1,9,3.705e-06,0.00118,1.794e-06,142.56086243677638,timeout,0.008084,30.008012,0.002361,30.091621,0,4351,0.0001253,0.0007258,4.785e-05,0.7483971036322703
3,ex03.py,33,1928656,17311936,22.151068,0.117028,1e-05,5000,converged,2e-06,0.049733,0.004266,0.171029,1,14,7.272e-06,0.00551,9.163e-07,129.51644457957423,converged,0.034059,0.018216,0.004919,0.174221,1,7,6.774e-06,0.002604,4.94e-07,127.14350164446307,converged,6.376768,0.230881,0.004234,6.728911,1,2,8.888e-09,1.923e-07,6.245e-09,3.2919246517006986,converged,0.043768,0.030646,0.005224,0.196666,1,7,4.575e-06,0.004566,1.567e-06,112.63293095908799,timeout,0.010523,30.007836,0.002126,30.137513,0,4033,0.0001314,0.0007135,5.408e-05,0.7349998654500788
3,ex03.py,34,2047076,18376324,35.67639,0.117513,1e-05,5000,converged,3e-06,0.053398,0.004328,0.175242,1,14,7.138e-06,0.005557,8.865e-07,203.58355873591944,converged,0.074363,0.020767,0.002266,0.214908,1,7,6.618e-06,0.002624,4.713e-07,166.00773354179464,converged,7.213575,0.11051,0.002747,7.444344,1,2,8.961e-09,2.017e-07,6.296e-09,4.792415557368117,converged,0.046049,0.043518,0.003481,0.21056,1,9,3.587e-06,0.001205,1.69e-06,169.435742781155,timeout,0.010633,30.012584,0.002247,30.142976,0,3716,0.0001265,0.0008512,5.178e-05,1.1835722524544356
3,ex03.py,35,2169024,19472464,25.121336,0.140977,1e-05,5000,converged,2e-06,0.06395,0.004585,0.209515,1,14,7.011e-06,0.005602,8.584e-07,119.9023268023769,converged,0.032593,0.023973,0.005346,0.20289,1,7,6.47e-06,0.002643,4.503e-07,123.81751688106857,converged,7.358744,0.103917,0.002492,7.60613,1,2,9.058e-09,2.164e-07,6.321e-09,3.302774998586666,converged,0.046921,0.035713,0.004281,0.227892,1,7,4.39e-06,0.004637,1.475e-06,110.23351412072384,timeout,0.010565,30.010346,0.002949,30.164838,0,3419,0.0001269,0.0007203,5.287e-05,0.8328019530554084
3,ex03.py,36,2294500,20600356,35.238362,0.123499,1e-05,5000,converged,2e-06,0.067152,0.004163,0.194816,1,14,6.889e-06,0.005646,8.321e-07,180.88022544349542,converged,0.034322,0.026233,0.004876,0.18893,1,7,6.33e-06,0.002661,4.307e-07,186.51543958079714,converged,7.438823,0.241901,0.003063,7.807287,1,2,9.134e-09,2.931e-07,6.35e-09,4.5135220467750194,converged,0.048461,0.049567,0.004033,0.22556,1,9,3.479e-06,0.001229,1.597e-06,156.22611278595497,timeout,0.011839,30.017435,0.002677,30.15545,0,3143,0.0001325,0.000759,5.46e-05,1.1685569938435674
3,ex03.py,37,2423504,21760000,45.399019,0.124761,1e-05,5000,converged,2e-06,0.067595,0.005085,0.197443,1,14,6.773e-06,0.00569,8.072e-07,229.93481156586964,converged,0.032217,0.028253,0.005048,0.190278,1,7,6.196e-06,0.002679,4.124e-07,238.59310587666468,converged,8.078509,0.230659,0.002697,8.436626,1,2,9.086e-09,2.157e-07,6.318e-09,5.381181884796126,converged,0.049769,0.041057,0.004303,0.21989,1,7,4.222e-06,0.004707,1.392e-06,206.46240847696578,timeout,0.012851,30.011512,0.003207,30.152331,0,2913,0.0001407,0.001118,5.622e-05,1.505655367075932
3,ex03.py,38,2556036,22951396,50.186807,0.127191,1e-05,5000,converged,3e-06,0.070398,0.004782,0.202373,1,14,6.662e-06,0.005732,7.837e-07,247.99161449402837,converged,0.03357,0.029893,0.005639,0.196293,1,7,6.069e-06,0.002697,3.954e-07,255.67293280962645,converged,9.319069,0.137209,0.00305,9.586519,1,2,8.799e-09,2.186e-07,6.173e-09,5.235143955798764,converged,0.051485,0.050383,0.005339,0.234399,1,8,9.903e-06,0.00393,3.767e-06,214.10845182786616,timeout,0.014049,30.021134,0.003428,30.165802,0,2715,0.0001271,0.0009159,5.162e-05,1.6636987473431006
3,ex03.py,39,2692096,24174544,49.735613,0.126036,1e-05,5000,converged,3e-06,0.068375,0.004731,0.199144,1,14,6.555e-06,0.005774,7.614e-07,249.74698208331662,converged,0.030104,0.031372,0.003494,0.191006,1,7,5.948e-06,0.002715,3.794e-07,260.38769986283154,converged,9.989776,0.163738,0.003274,10.282823,1,2,8.851e-09,1.944e-07,6.234e-09,4.836766421049939,converged,0.05182,0.046198,0.005391,0.229444,1,7,4.069e-06,0.004774,1.318e-06,216.76580342044247,timeout,0.014717,30.015032,0.003477,30.159262,0,2557,0.0001666,0.0009926,6.738e-05,1.6490991390969714
3,ex03.py,40,2831684,25429444,57.086088,0.128222,1e-05,5000,converged,2e-06,0.073454,0.005635,0.207313,1,14,6.453e-06,0.005816,7.404e-07,275.3618345207488,converged,0.033712,0.03406,0.006389,0.202384,1,7,5.832e-06,0.002732,3.644e-07,282.06818720847497,converged,9.901327,0.14344,0.003341,10.17633,1,2,8.917e-09,2.258e-07,6.26e-09,5.609693081887085,converged,0.054404,0.056289,0.00479,0.243705,1,8,9.642e-06,0.003995,3.577e-06,234.2425801686465,timeout,0.014788,30.014907,0.003153,30.16107,0,2415,0.0001344,0.00101,5.466e-05,1.8927076526131201
3,ex03.py,41,2974800,26716096,80.04835,0.130724,1e-05,5000,converged,2e-06,0.080164,0.005994,0.216885,1,14,6.355e-06,0.005856,7.204e-07,369.0820019826175,converged,0.032789,0.031283,0.006195,0.200991,1,7,5.722e-06,0.002749,3.504e-07,398.26833042275524,converged,10.483922,0.291222,0.003345,10.909213,1,2,8.988e-09,2.265e-07,6.328e-09,7.337683295761115,converged,0.054553,0.051867,0.003204,0.240348,1,7,3.93e-06,0.004838,1.25e-06,333.0518664602992,timeout,0.016314,30.023979,0.003405,30.174422,0,2282,0.0001314,0.001031,5.418e-05,2.6528544606421955
3,ex03.py,42,3121444,28034500,66.102393,0.128869,1e-05,5000,converged,2e-06,0.080298,0.005639,0.214807,1,14,6.261e-06,0.005896,7.014e-07,307.7292313565201,converged,0.032559,0.037911,0.007448,0.206787,1,7,5.616e-06,0.002766,3.373e-07,319.6641616736062,converged,10.756457,0.309208,0.003845,11.19838,1,2,9.044e-09,2.23e-07,6.342e-09,5.90285318054933,converged,0.057664,0.062624,0.005202,0.25436,1,8,9.4e-06,0.004058,3.405e-06,259.87731168422715,timeout,0.017612,30.025522,0.003803,30.175806,0,2162,0.0001405,0.001332,5.609e-05,2.190575887185913
3,ex03.py,43,3271616,29384656,79.822036,0.130103,1e-05,5000,converged,2e-06,0.0835,0.005967,0.219573,1,14,6.17e-06,0.005935,6.834e-07,363.53302090876383,converged,0.031419,0.034531,0.00576,0.201812,1,7,5.515e-06,0.002782,3.249e-07,395.5267080252909,converged,11.871222,0.315037,0.003753,12.320115,1,2,9.171e-09,2.58e-07,6.408e-09,6.479000885949523,converged,0.058257,0.056848,0.004329,0.249538,1,7,3.801e-06,0.004901,1.188e-06,319.8792809111237,timeout,0.017599,30.018669,0.003979,30.170349,0,2052,0.0001343,0.001339,5.393e-05,2.645711390345534
3,ex03.py,44,3425316,30766564,78.552938,0.13101,1e-05,5000,converged,2e-06,0.085735,0.005641,0.222389,1,14,6.083e-06,0.005974,6.662e-07,353.2231270431541,converged,0.033975,0.041035,0.007336,0.213356,1,7,5.417e-06,0.002799,3.133e-07,368.177777986089,converged,11.817462,0.198364,0.004389,12.151224,1,2,9.2e-09,2.146e-07,6.41e-09,6.464611137116722,converged,0.061857,0.068935,0.004142,0.265943,1,8,9.176e-06,0.004118,3.249e-06,295.3750916549787,timeout,0.018236,30.027154,0.003915,30.180314,0,1953,0.0002213,0.001576,7.559e-05,2.602787300357445
3,ex03.py,45,3582544,32180224,81.651538,0.135505,1e-05,5000,converged,2e-06,0.090259,0.00597,0.231736,1,14,5.998e-06,0.006012,6.498e-07,352.34723133220564,converged,0.032796,0.043565,0.006672,0.218539,1,7,5.324e-06,0.002815,3.022e-07,373.6245612911197,converged,12.2172,0.211473,0.00416,12.568339,1,2,9.189e-09,1.952e-07,6.406e-09,6.496605319127691,converged,0.061972,0.053561,0.003756,0.254794,1,6,9.98e-06,0.009465,3.027e-06,320.46099201708046,timeout,0.019816,30.029959,0.004256,30.189537,0,1863,0.0001422,0.001456,5.757e-05,2.704630349249808
3,ex03.py,46,3743300,33625636,88.87063,0.218426,1e-05,5000,converged,3e-06,0.090525,0.006551,0.315504,1,14,5.917e-06,0.006049,6.342e-07,281.678298848826,converged,0.03513,0.045,0.004584,0.30314,1,7,5.235e-06,0.00283,2.918e-07,293.1669525631721,converged,12.766564,0.215049,0.006681,13.20672,1,2,8.919e-09,2.161e-07,6.271e-09,6.729197711468101,converged,0.064501,0.075589,0.004412,0.362927,1,8,8.966e-06,0.004175,3.106e-06,244.87191639089957,timeout,0.020304,30.0203,0.004277,30.263306,0,1782,0.0001354,0.001454,5.462e-05,2.9365803590658603
3,ex03.py,47,3907584,35102800,102.222158,0.218389,1e-05,5000,converged,2e-06,0.093902,0.007249,0.319542,1,14,5.839e-06,0.006086,6.193e-07,319.9021036358288,converged,0.03356,0.046942,0.004681,0.303572,1,7,5.148e-06,0.002846,2.82e-07,336.7311807413068,converged,13.808108,0.215,0.00733,14.248826,1,2,8.918e-09,1.964e-07,6.285e-09,7.174075815088204,converged,0.069166,0.058083,0.004234,0.349871,1,6,9.682e-06,0.009588,2.929e-06,292.17099445224096,timeout,0.021553,30.033092,0.004581,30.277615,0,1709,0.0001413,0.001774,5.559e-05,3.3761628186368045
3,ex03.py,48,4075396,36611716,104.583557,0.221529,1e-05,5000,converged,2e-06,0.09687,0.007007,0.325408,1,14,5.763e-06,0.006122,6.051e-07,321.3920893155669,converged,0.034617,0.042869,0.005019,0.304034,1,7,5.066e-06,0.002861,2.726e-07,343.98638639099573,converged,13.963699,0.182158,0.007391,14.374777,1,2,9.026e-09,2.332e-07,6.339e-09,7.275490743265095,converged,0.072075,0.082201,0.008097,0.383901,1,8,8.771e-06,0.004231,2.976e-06,272.4232471392364,timeout,0.021901,30.032175,0.00471,30.280315,0,1637,0.0001399,0.0016,5.581e-05,3.45384640153182
3,ex03.py,49,4246736,38152384,102.846739,0.230417,1e-05,5000,converged,2e-06,0.109031,0.007099,0.346549,1,14,5.69e-06,0.006158,5.915e-07,296.77401752710296,converged,0.038926,0.047644,0.007231,0.324219,1,7,4.986e-06,0.002876,2.637e-07,317.21379376285785,converged,14.805746,0.232497,0.005191,15.273852,1,2,9.057e-09,2.38e-07,6.37e-09,6.733516797203483,converged,0.070554,0.063415,0.006631,0.371017,1,6,9.404e-06,0.009708,2.837e-06,277.2022279302566,timeout,0.024295,30.033999,0.005175,30.293886,0,1569,0.0001834,0.001466,6.612e-05,3.394966858989302
3,ex03.py,50,4421604,39724804,121.830201,0.231248,1e-05,5000,converged,3e-06,0.110462,0.007326,0.349037,1,14,5.619e-06,0.006193,5.785e-07,349.04666553975653,converged,0.037259,0.051255,0.007357,0.327119,1,7,4.909e-06,0.002891,2.553e-07,372.4338879734898,converged,15.666825,0.192905,0.006632,16.097609,1,2,9.126e-09,2.062e-07,6.406e-09,7.568217180576322,converged,0.075146,0.08923,0.005108,0.400733,1,8,8.587e-06,0.004285,2.855e-06,304.0183888025194,timeout,0.023072,30.022288,0.004994,30.281601,0,1506,0.000144,0.001763,5.681e-05,4.023241736789281
3,ex03.py,51,4600000,41328976,184.890254,0.230416,1e-05,5000,converged,3e-06,0.113751,0.008246,0.352416,1,14,5.551e-06,0.006228,5.66e-07,524.6363785980205,converged,0.078916,0.049081,0.008205,0.366619,1,7,4.835e-06,0.002906,2.473e-07,504.31170779474064,converged,16.532597,0.271765,0.005562,17.04034,1,2,9.225e-09,2.278e-07,6.455e-09,10.850150525165578,converged,0.074225,0.069354,0.004959,0.378954,1,6,9.146e-06,0.009825,2.751e-06,487.89629875921617,timeout,0.024122,30.021686,0.00533,30.281555,0,1446,0.000144,0.001645,5.707e-05,6.105705403834116
3,ex03.py,52,4781924,42964900,117.290003,0.232654,1e-05,5000,converged,2e-06,0.116609,0.007839,0.357105,1,14,5.484e-06,0.006262,5.541e-07,328.4468237633189,converged,0.036957,0.050362,0.007532,0.327504,1,7,4.763e-06,0.00292,2.396e-07,358.13303959646294,converged,17.806024,0.366182,0.005297,18.410158,1,2,9.235e-09,2.277e-07,6.435e-09,6.37093951067666,converged,0.081837,0.097001,0.005225,0.416718,1,8,8.414e-06,0.004338,2.744e-06,281.4613311640006,timeout,0.024232,30.027043,0.005335,30.289265,0,1390,0.0001469,0.002247,5.6e-05,3.872329123866162
3,ex03.py,53,4967376,44632576,181.621365,0.238747,1e-05,5000,converged,2e-06,0.125247,0.008557,0.372553,1,14,5.42e-06,0.006296,5.426e-07,487.50477113323467,converged,0.038358,0.052534,0.008264,0.337902,1,7,4.694e-06,0.002934,2.323e-07,537.4971589395742,converged,17.616559,0.302065,0.006174,18.163545,1,2,9.211e-09,2.246e-07,6.425e-09,9.99922454564899,converged,0.079337,0.074321,0.005941,0.398345,1,6,8.904e-06,0.009938,2.67e-06,455.9398636860008,timeout,0.027837,30.036076,0.005725,30.308385,0,1339,0.0001445,0.002298,5.419e-05,5.992446149803099
3,ex03.py,54,5156356,46332004,183.631897,0.244052,1e-05,5000,converged,4e-06,0.125686,0.008343,0.378084,1,14,5.357e-06,0.00633,5.315e-07,485.69073803705004,converged,0.036376,0.053864,0.009398,0.343691,1,6,9.966e-06,0.007386,4.489e-07,534.2935863901004,converged,18.819997,0.260479,0.007426,19.331954,1,2,8.963e-09,2.327e-07,6.308e-09,9.498879264868933,converged,0.089177,0.104284,0.005403,0.442915,1,8,8.251e-06,0.004389,2.642e-06,414.5985053565583,timeout,0.025964,30.036878,0.005805,30.312698,0,1290,0.0001708,0.001779,6.041e-05,6.0579199185766965
6,ex06.py,1,225,3025,0.000739,0.00115,1e-05,5000,converged,2e-06,0.028325,1.8e-05,0.029495,1,22,9.175e-06,6.172e-08,8.847e-09,0.025055094083743006,converged,0.026416,0.003475,1.7e-05,0.031058,1,19,7.866e-06,2.407e-08,7.394e-09,0.023794191512653745,converged,0.046203,0.003199,1.7e-05,0.05057,1,2,8.875e-07,4.719e-08,2.374e-08,0.014613407158394305,converged,0.028046,0.0091,1.9e-05,0.038315,1,28,9.47e-06,1.335e-07,4.189e-08,0.01928748531906564,converged,0.00111,0.003004,1.6e-05,0.00528,1,8,5.722e-06,1.731e-08,6.1e-09,0.1399621212121212
6,ex06.py,2,961,14161,0.003268,0.001187,1e-05,5000,converged,2e-06,0.031707,1.8e-05,0.032914,1,45,7.534e-06,1.651e-08,3.872e-09,0.09928905632861397,converged,0.025529,0.007279,1.9e-05,0.034013,1,40,8.378e-06,2.475e-08,5.101e-09,0.09608091024020228,converged,0.055352,0.01724,1.9e-05,0.073798,1,3,1.232e-06,3.932e-09,4.383e-10,0.04428304290089162,converged,0.027066,0.017809,2.9e-05,0.046091,1,58,6.153e-06,7.257e-08,2.341e-08,0.07090321320865245,converged,0.001138,0.006137,1.8e-05,0.00848,1,17,2.044e-06,4.542e-09,1.088e-09,0.38537735849056604
6,ex06.py,3,3969,60999,0.016572,0.001049,1e-05,5000,converged,2e-06,0.049793,2.5e-05,0.050869,1,91,8.854e-06,1.713e-08,3.123e-09,0.32577797872967823,converged,0.024715,0.014085,2.5e-05,0.039874,1,82,8.109e-06,1.595e-08,2.936e-09,0.41560916888197824,converged,0.076973,0.070083,2.6e-05,0.148132,1,4,2.02e-06,2.166e-08,1.086e-08,0.11187319417816541,converged,0.026836,0.036303,4.2e-05,0.064231,1,117,7.579e-06,4.061e-08,1.233e-08,0.25800625866014854,converged,0.001179,0.012026,2.5e-05,0.014279,1,33,7.089e-06,1.623e-08,3.277e-09,1.1605854751733315
6,ex06.py,4,16129,252989,0.091368,0.002524,1e-05,5000,converged,2e-06,0.055308,4.8e-05,0.057882,1,184,8.857e-06,1.18e-08,2.201e-09,1.5785218202550015,converged,0.034619,0.03461,7.5e-05,0.071827,1,165,9.752e-06,1.27e-08,2.503e-09,1.2720564690158298,converged,0.232012,0.325386,7.2e-05,0.559994,1,7,3.909e-06,1.75e-08,6.047e-09,0.16315889098811773,converged,0.027148,0.073537,0.000129,0.103338,1,214,9.695e-06,3.009e-08,7.158e-09,0.8841665215119318,converged,0.001955,0.053593,8.9e-05,0.058161,1,67,6.098e-06,9.999e-09,1.987e-09,1.5709496054056844
6,ex06.py,5,65025,1030205,0.519778,0.008618,1e-05,5000,converged,2e-06,0.090952,0.000239,0.099811,1,371,9.99e-06,8.698e-09,1.651e-09,5.207622406347998,converged,0.032663,0.069168,0.000134,0.110584,1,334,9.774e-06,8.974e-09,1.689e-09,4.700300224263907,converged,0.880862,1.682941,0.000234,2.572655,1,15,3.905e-06,1.504e-08,4.553e-09,0.20203952725880459,converged,0.034463,0.150306,0.000306,0.193693,1,444,9.597e-06,2.621e-08,5.15e-09,2.6835146339826426,converged,0.001173,0.067313,0.00022,0.077324,1,134,8.476e-06,9.501e-09,1.833e-09,6.722078526718741
6,ex06.py,6,261121,4157501,4.062224,0.018808,1e-05,5000,converged,2e-06,0.324835,0.001067,0.344711,1,750,9.882e-06,6.488e-09,1.138e-09,11.784433917107373,converged,0.03095,0.266198,0.000606,0.316562,1,676,9.63e-06,6.334e-09,1.106e-09,12.832317208003486,timeout,3.698495,30.156499,0.000973,33.874775,0,113,1.827,0.001183,0.0002086,0.11991884816947122,converged,0.032793,0.631139,0.001383,0.684123,1,892,9.87e-06,1.414e-08,3.296e-09,5.937856204220585,converged,0.001991,0.332568,0.000409,0.353775,1,270,9.484e-06,7.381e-09,1.347e-09,11.482507243304358
6,ex06.py,7,1046529,16703395,36.881125,0.070933,1e-05,5000,converged,2e-06,2.213528,0.002188,2.286651,1,1517,9.984e-06,4.748e-09,7.645e-10,16.128882369893788,converged,0.07285,2.055554,0.002246,2.201584,1,1365,9.911e-06,4.843e-09,7.835e-10,16.752086225190588,timeout,19.244192,30.223718,0.002191,49.541033,0,59,27.93,0.05409,0.01046,0.7444561158020261,converged,0.03855,4.321248,0.002275,4.433006,1,1628,9.903e-06,2.501e-08,8.213e-09,8.319665030906792,converged,0.005512,2.899002,0.001701,2.977148,1,546,9.751e-06,5.352e-09,8.935e-10,12.388072410239596
6,ex06.py,8,4190209,66961179,380.783236,0.260539,1e-05,5000,converged,4e-06,22.334542,0.008091,22.603177,1,3069,9.682e-06,3.51e-09,5.291e-10,16.846447559119678,converged,0.030018,21.811595,0.007536,22.109689,1,2759,9.921e-06,3.651e-09,5.548e-10,17.22246007169074,error,,,,,,,,,,,timeout,0.068243,30.014118,0.004775,30.347676,0,2412,0.0005247,8.264e-07,3.033e-07,12.54736066115903,timeout,0.029446,30.031717,0.004587,30.326289,0,1085,1.64e-05,6.288e-09,1.098e-09,12.556209432680669
7,ex07.py,1,1920,82696,0.010223,0.00124,1e-05,5000,converged,2e-06,0.115263,2.1e-05,0.116525,1,568,9.388e-06,3.625e-08,3.145e-09,0.08773224629907744,converged,0.025423,0.073994,2.8e-05,0.100685,1,443,7.312e-06,1.64e-08,3.911e-09,0.10153448875204847,timeout,0.071632,30.008815,2.6e-05,30.081713,0,1903,0.0008771,5.057e-06,9.998e-07,0.0003398410190270747,converged,0.026612,0.150028,3.5e-05,0.177915,1,621,8.484e-06,5.328e-08,1.347e-08,0.057460023044712365,converged,0.001116,0.777977,2.1e-05,0.780353,1,2275,7.83e-06,7.069e-09,1.667e-09,0.01310048144878023
7,ex07.py,2,7680,335490,0.174597,0.004149,1e-05,5000,converged,2e-06,0.216782,3.2e-05,0.220965,1,1146,9.624e-06,2.239e-08,1.985e-09,0.7901568121648225,converged,0.02634,0.150443,3.3e-05,0.180965,1,935,9.457e-06,1.067e-08,1.941e-09,0.9648108750310834,timeout,0.199289,30.030019,4.2e-05,30.2335,0,551,0.08285,0.0003475,4.859e-05,0.00577495162650702,converged,0.026361,0.32281,8.9e-05,0.353409,1,1327,9.753e-06,5.294e-08,1.495e-08,0.4940366544145735,maxiter,0.001065,1.724138,3.1e-05,1.729382,0,5000,1.144,0.000537,0.0001294,0.10095918657647646
7,ex07.py,3,30720,1350058,1.513341,0.01365,1e-05,5000,converged,2e-06,0.502997,7.6e-05,0.516725,1,2358,9.705e-06,7.149e-09,1.244e-09,2.9287164352411827,converged,0.030152,0.384267,7.8e-05,0.428148,1,1956,9.179e-06,8.691e-09,1.162e-09,3.5346212057512827,timeout,0.749671,30.090209,0.000103,30.853632,0,273,1.459,0.001884,0.0003539,0.04904903902399562,converged,0.033946,0.847221,0.000167,0.894984,1,2831,9.382e-06,3.402e-08,9.988e-09,1.690914027513341,maxiter,0.001196,2.294719,0.00011,2.309675,0,5000,28.89,0.02994,0.006817,0.655218158398909
7,ex07.py,4,122880,5206006,9.221657,0.038594,1e-05,5000,converged,2e-06,2.034715,0.00047,2.073781,1,4818,9.533e-06,4.788e-09,7.354e-10,4.446784400088535,converged,0.031906,1.697954,0.000239,1.768693,1,3986,9.467e-06,5.606e-09,9.602e-10,5.213825689364972,timeout,3.819934,30.101663,0.000247,33.960438,0,137,6.495,0.004546,0.001949,0.27154116799082506,maxiter,0.030567,2.570272,0.000866,2.6403,0,5000,8.183e-05,1.397e-07,3.645e-08,3.4926550013256072,maxiter,0.001847,6.605585,0.000341,6.646366,0,5000,85.82,0.05912,0.02267,1.3874735456939928
7,ex07.py,5,491520,21487080,76.322968,0.140047,1e-05,5000,maxiter,2e-06,6.720187,0.002024,6.862261,0,5000,0.3798,0.0001959,7.267e-05,11.12213132085766,maxiter,0.031307,7.059819,0.002235,7.233408,0,5000,0.1025,4.563e-05,1.691e-05,10.551453478083914,timeout,20.432302,30.034941,0.002161,50.609451,0,79,37.88,0.02742,0.009407,1.5080773747180147,maxiter,0.041378,9.540158,0.001637,9.72322,0,5000,0.08866,0.0001768,5.98e-05,7.849556834052917,maxiter,0.005205,26.380987,0.000687,26.526926,0,5000,136.2,0.06657,0.02858,2.8771885592774677
10,ex10.py,1,3969,19593,0.008464,0.001203,1e-05,5000,converged,2e-06,0.049503,2.8e-05,0.050735,1,152,8.817e-06,4.433e-07,1.013e-07,0.16682763378338422,converged,0.026236,0.026056,2.5e-05,0.05352,1,151,9.3e-06,3.962e-07,1.056e-07,0.15814648729446934,maxiter,0.060884,24.009994,2.5e-05,24.072106,0,5000,0.1949,0.004464,0.0005208,0.0003516102828726327,converged,0.028114,0.05342,4.4e-05,0.082782,1,184,9.778e-06,1.109e-06,3.818e-07,0.10224444927641274,converged,0.001124,0.018665,2.4e-05,0.021015,1,53,9.768e-06,5.322e-07,1.516e-07,0.40275993338091837
10,ex10.py,2,16129,80137,0.039039,0.002494,1e-05,5000,converged,4e-06,0.068435,4.8e-05,0.070981,1,273,9.451e-06,1.095e-06,4.283e-07,0.5499922514475705,converged,0.033144,0.053392,7.9e-05,0.089109,1,272,9.624e-06,1.041e-06,4.079e-07,0.4381038952294381,timeout,0.133844,30.003955,7.9e-05,30.140372,0,2687,1.978,0.03799,0.006111,0.0012952394880859466,converged,0.035577,0.107035,0.000163,0.145268,1,327,8.918e-06,1.23e-06,3.393e-07,0.2687377812043946,converged,0.001193,0.04284,7.6e-05,0.046604,1,96,8.391e-06,1.037e-06,4.136e-07,0.8376748776929018
10,ex10.py,3,65025,324105,0.277127,0.004106,1e-05,5000,converged,2e-06,0.131575,0.000236,0.135919,1,543,9.941e-06,3.964e-07,1.191e-07,2.038912881937036,converged,0.032157,0.12253,0.000216,0.15901,1,543,9.612e-06,3.456e-07,1.16e-07,1.7428274951260927,timeout,0.323104,30.009162,0.000236,30.336608,0,1218,4.925,0.3086,0.08881,0.00913506875917044,converged,0.035045,0.210744,0.000317,0.250212,1,654,9.898e-06,8.452e-07,3.08e-07,1.1075687816731412,converged,0.001134,0.083472,0.000203,0.088915,1,191,9.248e-06,4.069e-07,1.224e-07,3.1167632008097623
10,ex10.py,4,261121,1303561,2.042598,0.013729,1e-05,5000,converged,2e-06,0.29715,0.001118,0.312,1,1093,9.868e-06,2.025e-07,5.245e-08,6.546788461538461,converged,0.033172,0.265535,0.000414,0.312851,1,1092,9.764e-06,2.012e-07,5.259e-08,6.528980249383892,timeout,1.270259,30.044129,0.000411,31.328528,0,457,9.92,0.3482,0.1453,0.06519929694749782,converged,0.031774,0.724682,0.000943,0.771128,1,1312,9.898e-06,8.546e-07,2.728e-07,2.6488442904420535,converged,0.001252,0.214516,0.000406,0.229902,1,382,9.649e-06,2.76e-07,7.389e-08,8.884646501552835
11,ex11.py,1,13005,929187,1.087033,0.008775,1e-05,5000,converged,2e-06,0.028728,4.4e-05,0.03755,1,57,7.802e-06,1.536e-05,1.194e-06,28.94894806924101,converged,0.032792,0.012188,6.3e-05,0.053819,1,54,8.441e-06,7.74e-06,1.06e-06,20.197941247514816,timeout,1.507569,30.20316,7.5e-05,31.719579,0,123,0.0007022,0.0007486,1.969e-05,0.03427009545114076,converged,0.036489,0.023796,0.00014,0.069199,1,66,8.142e-06,9.798e-06,1.981e-06,15.708796369889738,converged,0.001341,0.282155,4.5e-05,0.292317,1,762,9.316e-06,1.294e-06,1.793e-07,3.718678694704721
11,ex11.py,2,101277,7705971,110.673945,0.040201,1e-05,5000,converged,2e-06,0.083429,0.000372,0.124004,1,107,9.183e-06,1.626e-05,1.929e-06,892.5030240959969,converged,0.033725,0.064392,0.000255,0.138573,1,103,8.62e-06,1.844e-05,2.238e-06,798.6688965382867,timeout,32.216911,31.215632,0.000361,63.473104,0,20,0.03366,0.04778,0.003547,1.7436353041754504,converged,0.037515,0.070359,0.000472,0.148547,1,101,9.498e-06,3.352e-05,6.304e-06,745.0432859633651,maxiter,0.002624,9.376836,0.000196,9.419857,0,5000,0.001448,0.0001151,1.221e-05,11.749004788501566
12,ex12.py,1,8065,90201,0.033014,0.001812,1e-05,5000,converged,3e-06,0.052953,3.3e-05,0.054801,1,158,8.121e-06,3.217e-08,7.894e-09,0.6024342621485009,converged,0.024662,0.026625,3.2e-05,0.053132,1,157,9.909e-06,6.453e-08,1.49e-08,0.6213581269291576,converged,0.120679,0.158441,4.7e-05,0.280979,1,6,8.993e-07,9.121e-09,2.597e-09,0.11749632534815771,converged,0.028288,0.062017,8.9e-05,0.092206,1,212,9.007e-06,1.554e-07,4.842e-08,0.35804611413573956,converged,0.001261,0.052586,3.8e-05,0.055698,1,150,8.095e-06,9.685e-09,2.501e-09,0.5927322345506123
12,ex12.py,2,32513,366745,0.257518,0.003631,1e-05,5000,converged,2e-06,0.079507,0.000116,0.083257,1,321,9.181e-06,2.87e-08,7.358e-09,3.093049233097518,converged,0.032014,0.066891,7.9e-05,0.102616,1,327,9.214e-06,2.823e-08,7.229e-09,2.509530677477197,timeout,0.387032,30.01521,0.000138,30.40601,0,662,1.165,0.003678,0.0005986,0.008469312481315373,converged,0.035058,0.137904,0.000231,0.176824,1,423,9.17e-06,8.278e-08,2.404e-08,1.4563520789033164,converged,0.001385,0.395148,7.7e-05,0.400242,1,980,9.862e-06,3.384e-09,7.663e-10,0.6434057395275858
12,ex12.py,3,130561,1478937,2.381992,0.01152,1e-05,5000,converged,2e-06,0.186615,0.00072,0.198856,1,651,9.745e-06,2.548e-08,6.808e-09,11.978476887798205,converged,0.030816,0.148793,0.000249,0.191378,1,660,9.91e-06,2.403e-08,6.172e-09,12.446529904168713,timeout,1.495269,30.067707,0.000856,31.575351,0,352,35.15,0.1387,0.03218,0.07543833796178544,converged,0.034447,0.310758,0.001108,0.357833,1,848,9.83e-06,6.934e-08,2.472e-08,6.656714165546497,converged,0.001181,1.692512,0.00036,1.705572,1,3217,9.995e-06,1.739e-09,3.91e-10,1.3965942217625522
12,ex12.py,4,523265,5939737,20.227146,0.039639,1e-05,5000,converged,2e-06,0.726558,0.002459,0.768658,1,1331,9.916e-06,2.209e-08,6.149e-09,26.314883862524038,converged,0.031257,0.7654,0.001392,0.837688,1,1330,9.932e-06,2.031e-08,5.394e-09,24.146395794138154,timeout,7.386163,30.017868,0.002211,37.445881,0,123,60.5,0.1949,0.07061,0.540170119111365,converged,0.037567,2.026216,0.002799,2.106221,1,1691,9.926e-06,3.753e-08,1.022e-08,9.603524986219394,maxiter,0.002496,8.904841,0.000858,8.947834,0,5000,6.643,0.001629,0.0003034,2.2605633944483103
12,ex12.py,5,2095105,23807001,225.887349,0.12787,1e-05,5000,converged,2e-06,7.255049,0.004801,7.387723,1,2782,9.92e-06,9.951e-09,3.146e-09,30.57604474342094,converged,0.031368,7.584962,0.004738,7.748938,1,2720,9.993e-06,1.175e-08,2.637e-09,29.150749302678637,timeout,36.190873,30.565203,0.00254,66.886486,0,53,83.5,0.2432,0.1047,3.3771747105984904,converged,0.045219,16.552757,0.004354,16.7302,1,3265,9.984e-06,4.335e-08,1.121e-08,13.50177218443294,timeout,0.011025,30.012926,0.002404,30.154224,0,3112,78.7,0.1941,0.06733,7.491068216512552
13,ex13.py,1,945,10275,0.00199,0.001082,1e-05,5000,converged,2e-06,0.047429,1.8e-05,0.04853,1,136,8.449e-06,1.862e-05,4.367e-06,0.04100556356892644,converged,0.043371,0.025143,1.9e-05,0.069615,1,136,9.437e-06,2.78e-05,4.793e-06,0.028585793291675647,converged,0.05236,0.01249,1.9e-05,0.06595,1,2,2.715e-06,5.481e-06,1.676e-06,0.03017437452615618,converged,0.027266,0.03576,2.9e-05,0.064136,1,112,9.577e-06,3.144e-05,4.977e-06,0.031027815891231134,converged,0.00111,0.088009,2.6e-05,0.090228,1,217,8.24e-06,2.525e-06,5.274e-07,0.0220552378419116
13,ex13.py,2,3813,42647,0.009095,0.001229,1e-05,5000,converged,2e-06,0.068482,2.6e-05,0.069739,1,267,9.747e-06,6.403e-05,1.056e-05,0.1304148324466941,converged,0.026034,0.045419,2.6e-05,0.072707,1,265,9.338e-06,5.518e-05,1.057e-05,0.12509111914946294,converged,0.076089,0.057461,2.5e-05,0.134804,1,3,2.201e-06,1.126e-05,5.844e-06,0.06746832438206582,converged,0.027604,0.064667,5.9e-05,0.093559,1,217,9.727e-06,6.544e-05,1.039e-05,0.0972113853290437,converged,0.001307,0.332914,3.3e-05,0.335483,1,910,9.044e-06,4.476e-06,9.919e-07,0.02711016653600928
13,ex13.py,3,8479,95711,0.028522,0.001256,1e-05,5000,converged,2e-06,0.084837,3.3e-05,0.086128,1,392,9.734e-06,9.688e-05,1.695e-05,0.33115827605424486,converged,0.02418,0.061038,4.7e-05,0.08652,1,389,9.595e-06,8.785e-05,1.675e-05,0.32965788257050394,converged,0.108367,0.106948,4.8e-05,0.216618,1,4,1.376e-06,1.051e-05,5.845e-06,0.1316695750122335,converged,0.025734,0.089881,5.6e-05,0.116926,1,316,9.782e-06,0.0001082,1.756e-05,0.24393205959324699,converged,0.001005,0.876859,3.1e-05,0.879151,1,2618,9.716e-06,3.401e-06,9.006e-07,0.03244266343324412
13,ex13.py,4,15147,171783,0.066774,0.002143,1e-05,5000,converged,2e-06,0.11623,4.6e-05,0.118421,1,515,9.983e-06,0.0001364,2.625e-05,0.5638695839420373,converged,0.033226,0.104191,6.7e-05,0.139627,1,510,1e-05,0.0001216,2.46e-05,0.4782312876449397,converged,0.203733,0.255708,5.1e-05,0.461635,1,5,9.554e-06,0.0001321,7.335e-05,0.1446467447225622,converged,0.03728,0.13891,8.9e-05,0.178422,1,415,9.611e-06,0.000142,2.481e-05,0.374247570366883,converged,0.001211,1.443605,4.6e-05,1.447006,1,3796,9.961e-06,5.438e-06,1.086e-06,0.04614631867455975
13,ex13.py,5,23533,267627,0.132419,0.003331,1e-05,5000,converged,2e-06,0.137124,9e-05,0.140547,1,633,9.96e-06,0.0001681,3.515e-05,0.942168811856532,converged,0.0327,0.122571,9.4e-05,0.158696,1,627,9.975e-06,0.0001585,3.405e-05,0.8344192670262641,converged,0.292251,0.366809,6.5e-05,0.662456,1,6,4.956e-06,7.566e-05,4.682e-05,0.1998910116294516,converged,0.029892,0.174087,0.000186,0.207496,1,510,9.707e-06,0.0001775,3.393e-05,0.6381761576126769,maxiter,0.00149,1.944179,8.9e-05,1.949089,0,5000,0.0009614,0.0009901,0.0002318,0.06793891915659059
13,ex13.py,6,34001,387399,0.235382,0.003748,1e-05,5000,converged,2e-06,0.165562,8.1e-05,0.169393,1,751,9.822e-06,0.0002029,4.637e-05,1.3895615521302536,converged,0.030608,0.145816,8.5e-05,0.180258,1,741,9.989e-06,0.0001964,4.695e-05,1.3058061223357633,converged,0.38972,0.668857,0.000124,1.062449,1,8,8.185e-07,1.851e-05,5.894e-06,0.22154663423844345,converged,0.034754,0.20338,0.000229,0.242112,1,602,9.943e-06,0.000219,4.641e-05,0.9722029473962465,maxiter,0.001186,1.951965,0.000114,1.957012,0,5000,0.003516,0.002374,0.0006188,0.12027621700837808
13,ex13.py,7,46107,526023,0.339639,0.005589,1e-05,5000,converged,3e-06,0.186383,0.000137,0.192111,1,861,9.964e-06,0.000245,6.109e-05,1.7679310398675767,converged,0.031774,0.1645,0.000151,0.202014,1,849,9.892e-06,0.0002329,6.376e-05,1.6812646648252103,converged,0.513074,0.798578,0.000156,1.317396,1,8,6.571e-06,0.0001207,4.776e-05,0.25781086324840824,converged,0.034835,0.234149,0.000351,0.274924,1,691,9.838e-06,0.0002577,5.767e-05,1.235392326606626,maxiter,0.00121,1.975767,0.000145,1.982711,0,5000,0.02023,0.02238,0.008514,0.17130030549081537
13,ex13.py,8,60375,689495,0.525692,0.006704,1e-05,5000,converged,2e-06,0.216792,0.000201,0.223698,1,971,9.956e-06,0.0002926,7.778e-05,2.3500075995315113,converged,0.034508,0.191392,0.000197,0.2328,1,950,9.852e-06,0.0002827,8.73e-05,2.258127147766323,converged,0.713109,1.223198,0.000212,1.943223,1,9,9.18e-06,0.0001858,8.921e-05,0.27052582230654953,converged,0.035846,0.277633,0.00033,0.320513,1,782,9.961e-06,0.0002959,6.856e-05,1.6401581215114522,maxiter,0.001209,2.014048,0.00019,2.022151,0,5000,0.03387,0.3206,0.1757,0.25996673838897294
13,ex13.py,9,76563,875047,0.752365,0.007043,1e-05,5000,converged,2e-06,0.253538,0.000393,0.260978,1,1079,9.965e-06,0.0003351,9.409e-05,2.882867521400271,converged,0.031727,0.218097,0.000226,0.257094,1,1052,9.976e-06,0.000324,0.0001043,2.9264199086715363,converged,0.904593,6.498626,0.000339,7.410601,1,47,9.703e-06,0.0001348,4.757e-05,0.10152550380191835,converged,0.033227,0.312388,0.000512,0.35317,1,871,9.952e-06,0.0003308,7.983e-05,2.130319676076677,maxiter,0.001209,2.036722,0.000225,2.045199,0,5000,0.02303,0.3934,0.193,0.36786884797029523
13,ex13.py,10,94269,1078071,1.050888,0.010818,1e-05,5000,converged,2e-06,0.304254,0.000571,0.315645,1,1184,1e-05,0.0003694,0.0001076,3.3293351708406598,converged,0.031099,0.239847,0.000184,0.281948,1,1156,9.982e-06,0.0003511,0.0001154,3.727240484060891,timeout,1.082052,30.078324,0.000392,31.171586,0,175,0.02721,0.5098,0.2159,0.03371301030367849,converged,0.034161,0.337501,0.000588,0.383068,1,963,9.908e-06,0.0003682,9.17e-05,2.7433458289389874,maxiter,0.001239,2.023117,0.000265,2.035439,0,5000,0.04032,0.5592,0.278,0.5162955018548824
13,ex13.py,11,113223,1295457,1.390298,0.010978,1e-05,5000,converged,2e-06,0.340087,0.000622,0.351689,1,1288,9.873e-06,0.0003986,0.00012,3.9532029719439623,converged,0.035195,0.270143,0.000334,0.31665,1,1250,9.952e-06,0.0003984,0.0001267,4.390645823464393,timeout,1.354725,30.112043,0.000656,31.478403,0,162,0.02209,0.3207,0.145,0.04416672599305626,converged,0.035486,0.378734,0.000746,0.425944,1,1037,9.966e-06,0.0004263,0.0001124,3.264039404240933,maxiter,0.001276,2.300821,0.000312,2.313388,0,5000,0.04008,0.6042,0.2988,0.6009791699446871
13,ex13.py,12,135683,1553127,1.881926,0.015557,1e-05,5000,converged,2e-06,0.365158,0.000528,0.381245,1,1396,9.999e-06,0.0004249,0.0001311,4.936264082151897,converged,0.034558,0.314556,0.000384,0.365056,1,1364,9.99e-06,0.0004045,0.0001347,5.155170713534362,timeout,1.620484,30.091299,0.000262,31.727602,0,134,0.0144,0.2926,0.1183,0.059315103612305776,converged,0.032684,0.437174,0.000986,0.486402,1,1125,9.855e-06,0.000457,0.0001199,3.869075373867706,maxiter,0.001314,2.820671,0.000363,2.837905,0,5000,0.03885,0.6289,0.3079,0.6631391818965046
13,ex13.py,13,159471,1826079,2.634302,0.013838,1e-05,5000,converged,2e-06,0.442633,0.000866,0.457339,1,1504,9.967e-06,0.0004479,0.0001406,5.7600641974552795,converged,0.030998,0.357614,0.000412,0.402862,1,1469,9.882e-06,0.0004296,0.0001419,6.538968679101032,timeout,1.868813,30.028595,0.000411,31.911657,0,150,0.02668,0.5072,0.2589,0.08254983437557002,converged,0.028493,0.51314,0.000985,0.556456,1,1209,9.98e-06,0.0004892,0.0001299,4.734070618341792,maxiter,0.001407,3.125077,0.000266,3.140588,0,5000,0.03337,0.6811,0.3287,0.8387926082631659
13,ex13.py,14,184617,2114663,3.343693,0.021017,1e-05,5000,converged,2e-06,0.467717,0.001196,0.489932,1,1609,9.9e-06,0.0004675,0.0001489,6.82481038184891,converged,0.081253,0.41518,0.000294,0.517744,1,1573,9.986e-06,0.0004464,0.0001486,6.458197487561421,timeout,2.28905,30.04984,0.000457,32.360363,0,116,0.01165,0.4416,0.2058,0.10332680755157166,converged,0.061659,0.622603,0.000441,0.705719,1,1302,9.936e-06,0.0005092,0.0001356,4.737994867645621,maxiter,0.001543,3.490596,0.000422,3.513579,0,5000,0.0419,0.6982,0.3412,0.9516487319624805
13,ex13.py,15,212205,2431315,3.927083,0.020304,1e-05,5000,converged,2e-06,0.548542,0.001083,0.569931,1,1715,9.98e-06,0.0004914,0.0001585,6.890453405763155,converged,0.034677,0.493215,0.000333,0.548529,1,1678,9.983e-06,0.0004659,0.0001545,7.159298779098279,timeout,2.67695,30.134873,0.001189,32.833316,0,91,0.04488,0.7862,0.3993,0.1196066519750853,converged,0.034867,0.745839,0.001395,0.802406,1,1389,9.879e-06,0.0005319,0.0001427,4.89413464006999,maxiter,0.001533,3.866978,0.000467,3.889282,0,5000,0.03732,0.7249,0.3504,1.0097192746630355
13,ex13.py,16,241071,2762679,5.080169,0.021003,1e-05,5000,converged,2e-06,0.607127,0.00123,0.629363,1,1819,9.984e-06,0.0005114,0.0001662,8.071921927409141,converged,0.030343,0.555015,0.000581,0.606942,1,1783,9.937e-06,0.0004769,0.0001596,8.370106204546728,timeout,2.74699,30.223623,0.001025,32.992641,0,119,0.02401,0.6617,0.3242,0.1539788524356083,converged,0.036462,0.892163,0.001126,0.950753,1,1467,9.931e-06,0.0005613,0.0001509,5.343311038724043,maxiter,0.00167,4.302066,0.000543,4.325282,0,5000,0.03456,0.7475,0.3603,1.1745289671286172
13,ex13.py,17,272459,3123031,6.481637,0.021754,1e-05,5000,converged,2e-06,0.681504,0.001639,0.704898,1,1926,9.951e-06,0.000531,0.0001737,9.19514170844576,converged,0.030643,0.627527,0.000422,0.680346,1,1888,9.971e-06,0.0004931,0.0001649,9.526971570348028,timeout,3.192898,30.024116,0.001492,33.24026,0,98,0.03073,0.7909,0.372,0.19499357104908327,converged,0.03555,1.049232,0.001285,1.107821,1,1552,9.979e-06,0.0005919,0.0001604,5.850798098248725,maxiter,0.001801,4.770268,0.000609,4.794432,0,5000,0.03861,0.7728,0.3733,1.3519092564040955
13,ex13.py,18,305767,3505463,8.007772,0.022449,1e-05,5000,converged,3e-06,0.790321,0.001625,0.814398,1,2032,9.988e-06,0.0005521,0.0001814,9.832750080427505,converged,0.03022,0.73666,0.000645,0.789974,1,1993,9.987e-06,0.0005079,0.00017,10.136753867848816,timeout,3.634777,30.257485,0.001736,33.916448,0,84,0.01247,0.4091,0.1936,0.23610290794602073,converged,0.035396,1.260213,0.001526,1.319584,1,1637,9.947e-06,0.0006155,0.0001679,6.068406406867618,maxiter,0.001876,5.267327,0.000433,5.292085,0,5000,0.03288,0.7887,0.3778,1.513160124979096
13,ex13.py,19,340233,3901227,9.869878,0.023716,1e-05,5000,converged,2e-06,0.850149,0.001486,0.875353,1,2135,9.987e-06,0.0005726,0.0001885,11.275311788501323,converged,0.032796,0.808872,0.001086,0.86647,1,2097,9.961e-06,0.0005179,0.0001751,11.390905628584948,timeout,4.450279,30.243299,0.002039,34.719333,0,63,0.005491,0.3033,0.1028,0.2842761409039742,converged,0.071313,1.426175,0.001654,1.522858,1,1721,9.95e-06,0.0006507,0.0001785,6.481154513421474,maxiter,0.00319,5.782074,0.00067,5.80965,0,5000,0.03704,0.7954,0.3833,1.6988765244033632
13,ex13.py,20,377341,4327359,11.73338,0.035754,1e-05,5000,converged,2e-06,0.943955,0.001885,0.981596,1,2241,9.992e-06,0.0005935,0.0001955,11.953369818132918,converged,0.032848,0.930258,0.000819,0.999679,1,2201,9.984e-06,0.0005325,0.0001806,11.737147624387429,timeout,4.714484,30.28788,0.002057,35.040174,0,91,0.02446,0.7869,0.3823,0.33485507235209505,converged,0.036275,1.616073,0.001607,1.689709,1,1802,9.934e-06,0.0006874,0.00019,6.944024089355032,maxiter,0.002144,6.340141,0.000794,6.378833,0,5000,0.03914,0.8144,0.392,1.8394242332414095
13,ex13.py,21,413553,4743227,13.050126,0.035968,1e-05,5000,converged,2e-06,1.050562,0.001376,1.087909,1,2340,9.979e-06,0.0006143,0.0002022,11.995604411766058,converged,0.031307,1.034498,0.001008,1.102782,1,2296,9.963e-06,0.0005496,0.000185,11.83382209720507,timeout,5.395253,30.188217,0.001697,35.621135,0,75,0.01663,0.6129,0.3072,0.3663590730615406,converged,0.035874,1.814875,0.001909,1.888626,1,1869,9.987e-06,0.0007227,0.0002017,6.909851924097201,maxiter,0.002223,6.933173,0.000781,6.972145,0,5000,0.03518,0.8295,0.3973,1.8717519500813595
13,ex13.py,22,454365,5211955,17.692462,0.036969,1e-05,5000,converged,2e-06,1.170695,0.00218,1.209846,1,2446,9.946e-06,0.0006343,0.0002085,14.623730623566965,converged,0.033211,1.194161,0.001251,1.265591,1,2400,9.927e-06,0.0005622,0.0001902,13.979604785432262,timeout,6.181985,30.290006,0.002135,36.511095,0,71,0.007854,0.55,0.2679,0.48457768796033096,converged,0.037606,2.065504,0.002452,2.142531,1,1947,9.984e-06,0.0007567,0.0002124,8.257739094556857,maxiter,0.002338,7.630067,0.00088,7.670255,0,5000,0.03499,0.83,0.3987,2.3066328303296304
13,ex13.py,23,498341,5717059,21.178336,0.038135,1e-05,5000,converged,2e-06,1.300669,0.002182,1.340989,1,2551,9.98e-06,0.0006574,0.0002155,15.793072128108435,converged,0.033213,1.374885,0.001334,1.447567,1,2509,9.96e-06,0.0005684,0.0001983,14.630297595897117,timeout,6.790131,30.119317,0.002664,36.950247,0,61,0.00746,0.5478,0.2539,0.5731581713107359,converged,0.037892,2.353124,0.002598,2.43175,1,2042,9.966e-06,0.0007927,0.0002212,8.709092628765292,maxiter,0.002446,8.421802,0.000656,8.463039,0,5000,0.03859,0.8377,0.4035,2.502450479077315
13,ex13.py,24,543049,6230591,22.808068,0.040329,1e-05,5000,converged,2e-06,1.491263,0.002714,1.534307,1,2656,9.994e-06,0.0006792,0.0002221,14.865387435500194,converged,0.029958,1.582411,0.001491,1.654188,1,2611,9.98e-06,0.0005833,0.0002049,13.788074874198095,timeout,7.40218,30.261281,0.002908,37.706698,0,61,0.01308,0.6327,0.3013,0.6048810744446517,converged,0.038651,2.661294,0.002108,2.742381,1,2124,9.953e-06,0.0008205,0.000229,8.31688521762658,maxiter,0.002564,9.229365,0.001023,9.273282,0,5000,0.03854,0.8562,0.411,2.459546469092604
13,ex13.py,25,589677,6766203,28.26057,0.040519,1e-05,5000,converged,2e-06,1.706398,0.002069,1.748988,1,2761,9.97e-06,0.0007007,0.0002284,16.158241222924342,converged,0.030252,1.775115,0.001528,1.847414,1,2713,9.991e-06,0.0005974,0.0002113,15.297367022226746,timeout,8.162383,30.463143,0.00257,38.668616,0,47,0.004325,0.3621,0.1745,0.7308399659299935,converged,0.037124,2.966782,0.002681,3.047106,1,2206,9.983e-06,0.000846,0.0002362,9.274560845602352,maxiter,0.002694,10.086352,0.001091,10.130656,0,5000,0.03534,0.8609,0.4125,2.7896090835578664
13,ex13.py,26,637183,7311927,29.027749,0.041055,1e-05,5000,converged,3e-06,1.928091,0.002369,1.971518,1,2862,9.967e-06,0.0007243,0.0002351,14.72355261275829,converged,0.0317,1.980548,0.002201,2.055504,1,2813,9.98e-06,0.0006098,0.0002185,14.121961815690945,timeout,9.022162,30.31719,0.001377,39.381784,0,45,0.1593,0.9841,0.4675,0.737085679003267,converged,0.038721,3.31999,0.002097,3.401864,1,2281,9.95e-06,0.0008721,0.0002426,8.53289520098393,maxiter,0.002814,10.962951,0.001126,11.007946,0,5000,0.03879,0.8641,0.4155,2.636981413244578
13,ex13.py,27,687611,7891239,37.10095,0.041669,1e-05,5000,converged,3e-06,2.154347,0.001989,2.198007,1,2966,9.994e-06,0.0007481,0.0002418,16.879359346899257,converged,0.030838,2.205659,0.001697,2.279863,1,2914,9.974e-06,0.0006242,0.0002254,16.273324318171746,timeout,9.813276,30.487969,0.001499,40.344412,0,47,0.02157,0.8885,0.4196,0.9196056693055782,converged,0.037762,3.706826,0.002012,3.788268,1,2363,9.962e-06,0.0008992,0.0002496,9.793644483442037,maxiter,0.002961,11.939452,0.001292,11.985373,0,5000,0.03691,0.8723,0.4186,3.095519013050324
13,ex13.py,28,738837,8479743,38.573434,0.065777,1e-05,5000,converged,2e-06,2.411108,0.002389,2.479276,1,3067,9.997e-06,0.0007709,0.0002482,15.55834606554494,converged,0.074753,2.429332,0.001622,2.571484,1,3013,9.968e-06,0.0006371,0.0002331,15.00045654571446,timeout,10.266078,30.554566,0.002502,40.888923,0,54,0.01496,0.757,0.376,0.9433712401767099,converged,0.058572,4.132003,0.002255,4.258607,1,2467,9.912e-06,0.0009155,0.0002534,9.057758558138847,maxiter,0.003153,12.920419,0.001369,12.990718,0,5000,0.03589,0.8768,0.4206,2.969307316192993
13,ex13.py,29,790335,9071385,45.035536,0.066312,1e-05,5000,converged,2e-06,2.697912,0.002357,2.766583,1,3167,9.973e-06,0.0007958,0.0002549,16.2783968527241,converged,0.030677,2.722748,0.00206,2.821797,1,3107,9.98e-06,0.000654,0.000238,15.959878049342315,timeout,11.310862,30.336007,0.00282,41.716,0,60,0.02816,0.7876,0.3936,1.0795746476172212,converged,0.038834,4.616026,0.002744,4.723916,1,2544,9.963e-06,0.0009402,0.0002606,9.533517530794366,maxiter,0.003261,13.911549,0.001216,13.982338,0,5000,0.03716,0.886,0.4247,3.220887379492614
13,ex13.py,30,848011,9734039,51.576784,0.06686,1e-05,5000,converged,3e-06,2.918279,0.001435,2.986577,1,3270,9.997e-06,0.0008228,0.0002621,17.269530971409747,converged,0.029421,2.956574,0.003315,3.056171,1,3213,9.984e-06,0.0006874,0.0002467,16.87627557489421,timeout,11.178479,30.082051,0.002578,41.329969,0,63,0.1283,0.9838,0.4652,1.2479269945738407,converged,0.040906,4.985539,0.002696,5.096003,1,2612,9.944e-06,0.0009692,0.0002659,10.121027008814556,maxiter,0.00347,15.235893,0.001352,15.307576,0,5000,0.03725,0.8892,0.4265,3.3693632486293064
13,ex13.py,31,906039,10400751,54.628294,0.066062,1e-05,5000,converged,2e-06,3.231124,0.002729,3.299917,1,3373,9.969e-06,0.0008491,0.0002689,16.55444485421906,converged,0.030805,3.298117,0.002548,3.397531,1,3314,9.963e-06,0.0007121,0.0002527,16.078821355861066,timeout,12.612578,30.381698,0.003126,43.063464,0,42,0.1656,0.988,0.4758,1.2685531753785528,converged,0.039069,5.525601,0.003132,5.633864,1,2695,9.995e-06,0.000994,0.0002719,9.696416881912661,maxiter,0.003753,16.526449,0.001498,16.597762,0,5000,0.0369,0.9013,0.431,3.291304815673342
13,ex13.py,32,964705,11074815,57.659366,0.067532,1e-05,5000,converged,2e-06,3.548715,0.002344,3.618593,1,3472,9.987e-06,0.0008772,0.0002762,15.934194865241821,converged,0.073254,3.647916,0.002323,3.791025,1,3413,9.98e-06,0.000743,0.0002595,15.209439663415568,timeout,12.830137,30.136127,0.002807,43.036603,0,52,0.02495,0.7997,0.388,1.3397750282474665,converged,0.041519,6.112197,0.002473,6.223721,1,2791,9.985e-06,0.001015,0.0002768,9.264452246493697,maxiter,0.004024,17.884492,0.001572,17.957621,0,5000,0.03539,0.8996,0.4308,3.21085771884817
13,ex13.py,33,1026533,11785227,68.066423,0.069492,1e-05,5000,converged,2e-06,3.876184,0.003042,3.94872,1,3575,9.952e-06,0.0009029,0.0002826,17.237591675277052,converged,0.028562,4.001608,0.002526,4.102187,1,3513,9.979e-06,0.0007719,0.0002662,16.592715787944336,timeout,14.994539,30.550483,0.002331,45.616845,0,40,0.00708,0.8588,0.3409,1.4921335090140495,converged,0.040299,6.673076,0.00211,6.784977,1,2874,9.966e-06,0.001035,0.0002815,10.031931279943912,maxiter,0.004376,19.306432,0.001655,19.381954,0,5000,0.03861,0.9033,0.4333,3.511845245324594
13,ex13.py,34,1090281,12517719,73.92444,0.072971,1e-05,5000,converged,3e-06,4.259213,0.002415,4.334602,1,3676,9.969e-06,0.0009353,0.0002906,17.05449312301337,converged,0.04225,4.407189,0.001866,4.524276,1,3613,9.996e-06,0.000801,0.0002728,16.33950713882177,timeout,14.825364,30.460853,0.002546,45.361734,0,46,0.06696,0.9873,0.3964,1.6296652151789437,converged,0.042029,7.291901,0.003352,7.410253,1,2955,9.954e-06,0.001069,0.0002893,9.975967082365475,maxiter,0.004774,20.82995,0.001831,20.909526,0,5000,0.03647,0.9105,0.4358,3.5354431276921345
13,ex13.py,35,1154547,13256183,90.745753,0.07424,1e-05,5000,converged,2e-06,4.595516,0.002728,4.672487,1,3774,9.998e-06,0.0009666,0.0002982,19.421295982203908,converged,0.038169,4.80757,0.003142,4.923121,1,3712,9.974e-06,0.0008313,0.0002792,18.43256604905709,timeout,16.25729,30.537149,0.002479,46.871157,0,47,0.1426,0.9895,0.4791,1.9360681239424067,converged,0.043182,7.900421,0.002548,8.020391,1,3017,9.99e-06,0.001098,0.0002958,11.314380184207977,maxiter,0.004927,22.297828,0.001806,22.378801,0,5000,0.03664,0.914,0.4375,4.05498726227558
13,ex13.py,36,1222095,14032375,110.400127,0.075306,1e-05,5000,converged,2e-06,5.025889,0.003257,5.104454,1,3876,9.969e-06,0.0009947,0.000305,21.628195101767986,converged,0.028542,5.243165,0.003138,5.350151,1,3812,9.975e-06,0.0008601,0.0002856,20.63495534985835,timeout,17.919689,30.154178,0.002696,48.151868,0,43,0.005175,0.6643,0.3211,2.2927485803873693,converged,0.04322,8.615267,0.002994,8.736787,1,3096,9.985e-06,0.001128,0.0003028,12.636238814108665,maxiter,0.005315,23.85532,0.001687,23.937628,0,5000,0.03623,0.917,0.439,4.611991087838779
13,ex13.py,37,1290081,14813619,94.538477,0.072912,1e-05,5000,converged,2e-06,5.451258,0.003379,5.527552,1,3974,9.953e-06,0.001026,0.0003123,17.103136614544738,converged,0.028819,5.689565,0.00294,5.794236,1,3911,9.986e-06,0.0008897,0.0002918,16.315952094460773,timeout,19.283765,30.793389,0.003981,50.154047,0,30,0.1286,0.9893,0.4769,1.8849620849141049,converged,0.042629,9.364035,0.002963,9.48254,1,3185,9.992e-06,0.001157,0.0003093,9.969741967869368,maxiter,0.005795,25.486762,0.001958,25.567427,0,5000,0.0384,0.9206,0.441,3.697614038362171
13,ex13.py,38,1361429,15633511,112.938599,0.074703,1e-05,5000,converged,3e-06,5.96503,0.003511,6.043246,1,4074,9.98e-06,0.001061,0.0003206,18.688400075059,converged,0.027591,6.188505,0.003669,6.294467,1,4011,9.977e-06,0.0009181,0.0002981,17.942519835277555,timeout,20.664632,30.222587,0.003022,50.964944,0,33,0.01229,0.6474,0.2984,2.2160055547201227,converged,0.041556,10.147194,0.002828,10.26628,1,3266,9.979e-06,0.001184,0.0003157,11.00092721024558,maxiter,0.006225,27.287674,0.001676,27.370277,0,5000,0.03655,0.9276,0.4434,4.126322835534328
13,ex13.py,39,1433135,16457535,118.770048,0.075979,1e-05,5000,converged,2e-06,6.509624,0.003152,6.588757,1,4171,9.996e-06,0.001096,0.0003285,18.02616912416105,converged,0.031611,6.744697,0.003194,6.855481,1,4110,9.977e-06,0.0009467,0.0003041,17.324830744917826,timeout,20.224689,30.405516,0.003574,50.709758,0,36,0.1136,0.989,0.4703,2.342153713295181,converged,0.041533,10.993162,0.002733,11.113407,1,3332,9.964e-06,0.00122,0.0003239,10.68709604534415,maxiter,0.006725,29.438938,0.001693,29.523335,0,5000,0.03575,0.9264,0.4433,4.0229211232403115
13,ex13.py,40,1508283,17321127,127.54066,0.122387,1e-05,5000,converged,2e-06,7.14091,0.00323,7.266528,1,4271,9.999e-06,0.001131,0.0003365,17.55180190594463,converged,0.031433,7.391244,0.003653,7.548717,1,4209,9.98e-06,0.0009793,0.0003113,16.895673794632916,timeout,23.969453,30.868008,0.003633,54.96348,0,28,0.003286,0.5948,0.2554,2.3204618775958146,converged,0.046511,11.955808,0.003449,12.128154,1,3413,9.992e-06,0.001262,0.0003339,10.51608183735134,timeout,0.007191,30.006971,0.002008,30.138557,0,4772,0.03923,0.933,0.447,4.231810434719884
13,ex13.py,41,1585351,18206799,132.517991,0.124685,1e-05,5000,converged,2e-06,7.878982,0.003539,8.007209,1,4371,9.973e-06,0.001165,0.0003443,16.549835404571056,converged,0.031006,8.131707,0.003524,8.290922,1,4309,9.966e-06,0.001007,0.0003174,15.983504729630793,timeout,23.599537,30.073991,0.003551,53.801764,0,32,0.1614,0.9908,0.4712,2.463078924326719,converged,0.046577,12.959919,0.003859,13.135041,1,3487,9.974e-06,0.0013,0.000343,10.088890548571566,timeout,0.007838,30.007425,0.001774,30.141722,0,4463,0.03909,0.9399,0.4499,4.3964970216366535
13,ex13.py,42,1658703,19049777,162.764282,0.121404,1e-05,5000,converged,3e-06,8.571886,0.003521,8.696814,1,4464,9.996e-06,0.001201,0.0003526,18.71539186649272,converged,0.031611,8.879516,0.003896,9.036427,1,4400,9.971e-06,0.001033,0.0003238,18.012017581727825,timeout,25.38777,30.380234,0.003763,55.893171,0,31,0.1582,0.9915,0.4758,2.912060258667378,converged,0.080546,13.973541,0.003309,14.178799,1,3571,9.99e-06,0.001348,0.0003549,11.479412466457845,timeout,0.00818,30.007342,0.002377,30.139303,0,4221,0.0382,0.9482,0.4529,5.40039967082185
13,ex13.py,43,1743525,20024595,181.022691,0.126779,1e-05,5000,converged,2e-06,9.372886,0.003995,9.503662,1,4567,9.989e-06,0.001236,0.0003605,19.04767772675417,converged,0.030996,9.763162,0.003907,9.924844,1,4505,9.997e-06,0.001075,0.0003324,18.239348749461453,timeout,26.972728,30.934301,0.003804,58.037612,0,34,0.006498,0.7703,0.3576,3.1190582238290574,converged,0.045839,15.114007,0.003252,15.289877,1,3651,9.969e-06,0.001402,0.0003675,11.839381768734961,timeout,0.008933,30.010658,0.002404,30.148774,0,3949,0.03943,0.9526,0.4555,6.0043135087350485
13,ex13.py,44,1820409,20908191,193.28696,0.12724,1e-05,5000,converged,2e-06,10.048465,0.003913,10.17962,1,4660,9.996e-06,0.001271,0.0003684,18.987640010137902,converged,0.030261,10.557332,0.004085,10.718919,1,4595,9.996e-06,0.001106,0.0003398,18.03231837091035,timeout,27.818725,30.517091,0.003799,58.466856,0,31,0.01084,0.8595,0.4158,3.305923615937207,converged,0.045309,16.146408,0.003886,16.322843,1,3708,9.974e-06,0.001459,0.0003817,11.841500895401616,timeout,0.009393,30.014956,0.002631,30.154221,0,3751,0.04145,0.9576,0.4578,6.409947051857184
13,ex13.py,45,1909219,21928871,197.84474,0.124325,1e-05,5000,converged,3e-06,11.004973,0.003902,11.133202,1,4763,9.968e-06,0.001305,0.0003761,17.770695259099764,converged,0.029152,11.541481,0.004676,11.699633,1,4700,9.992e-06,0.001147,0.0003483,16.91033727297258,timeout,29.726526,30.713204,0.004255,60.568309,0,24,0.1424,0.9919,0.4815,3.266472900869661,converged,0.047606,17.425718,0.003942,17.601591,1,3782,9.991e-06,0.001538,0.0004006,11.240162323962647,timeout,0.010002,30.009674,0.002392,30.146393,0,3536,0.0418,0.9634,0.4602,6.562799735278446
13,ex13.py,46,1993965,22902855,202.988692,0.125688,1e-05,5000,converged,2e-06,11.903429,0.004292,12.033411,1,4859,9.97e-06,0.00134,0.0003841,16.86875749527711,converged,0.030539,12.596637,0.004765,12.757628,1,4796,9.992e-06,0.001186,0.000357,15.911162482555532,timeout,28.177917,30.852798,0.002512,59.158915,0,34,0.02126,0.8327,0.4059,3.431244335701559,converged,0.052705,18.805894,0.004123,18.988411,1,3880,9.993e-06,0.001637,0.0004248,10.69013578861338,timeout,0.012327,30.011803,0.002689,30.152508,0,3326,0.0416,0.9666,0.4618,6.73206659956777
13,ex13.py,47,2082433,23919627,239.948124,0.127182,1e-05,5000,converged,2e-06,12.813478,0.004321,12.944983,1,4957,9.982e-06,0.00138,0.0003931,18.535993751401605,converged,0.03027,13.628188,0.004784,13.790425,1,4894,9.955e-06,0.001221,0.0003649,17.399617778277317,timeout,33.92866,31.100863,0.002631,65.159336,0,26,0.0626,0.9925,0.4101,3.6824826453111803,converged,0.048818,20.083224,0.004709,20.263933,1,3955,9.987e-06,0.00168,0.0004353,11.841142783091515,timeout,0.011082,30.013604,0.002843,30.154712,0,3154,0.043,0.9708,0.4639,7.957234809604549
13,ex13.py,48,2170899,24936391,243.04312,0.134328,1e-05,5000,maxiter,2e-06,13.823611,0.004681,13.962622,0,5000,1.114e-05,0.001669,0.0004584,17.406696249458015,converged,0.030292,14.808781,0.004765,14.978165,1,4988,9.978e-06,0.001269,0.0003758,16.22649503460537,timeout,33.925686,30.262458,0.002424,64.324896,0,26,0.001789,0.6287,0.2817,3.7783678655306336,converged,0.048735,21.392893,0.004162,21.580118,1,3996,9.962e-06,0.001731,0.0004474,11.262362884206658,timeout,0.011672,30.011827,0.002859,30.160687,0,2971,0.04411,0.975,0.4658,8.05827533039947
13,ex13.py,49,2258553,25943827,268.399396,0.136894,1e-05,5000,maxiter,2e-06,14.67577,0.004331,14.816997,0,5000,1.244e-05,0.002228,0.0005872,18.114291040215505,maxiter,0.03257,15.783249,0.004531,15.957244,0,5000,1.106e-05,0.001727,0.0004849,16.819909252499997,timeout,39.311581,30.555499,0.003067,70.007041,0,21,0.0006492,0.6013,0.2374,3.833891451004193,converged,0.052956,22.850956,0.004494,23.045299,1,4061,9.987e-06,0.001779,0.0004594,11.646600723210405,timeout,0.012238,30.01824,0.003123,30.170495,0,2801,0.04426,0.9789,0.4675,8.896088579255993
13,ex13.py,50,2357355,27079415,304.330024,0.134521,1e-05,5000,maxiter,2e-06,15.495138,0.00451,15.63417,0,5000,1.348e-05,0.00285,0.0007268,19.46569750744683,maxiter,0.033342,16.831178,0.004689,17.00373,0,5000,1.175e-05,0.002304,0.0006288,17.897839121181057,timeout,40.905013,30.245121,0.002821,71.287476,0,24,0.003008,0.8035,0.3561,4.269053150373847,converged,0.054222,24.592711,0.004669,24.786123,1,4140,9.984e-06,0.001835,0.0004725,12.2782423051802,timeout,0.012893,30.014442,0.003008,30.164864,0,2637,0.04565,0.9822,0.4692,10.088890969307867
14,ex14.py,1,4225,47617,0.017299,0.001169,1e-05,5000,converged,2e-06,0.028628,2.5e-05,0.029823,1,16,5.962e-06,0.0001703,2.862e-06,0.580055661737585,converged,0.02618,0.001937,2.5e-05,0.02931,1,8,4.203e-06,8.225e-05,2.958e-06,0.5902081200955305,converged,0.072438,0.022075,3.5e-05,0.095717,1,2,2.019e-08,1.509e-07,1.131e-08,0.18073069569668918,converged,0.028577,0.003932,3.8e-05,0.033715,1,11,4.761e-06,3.028e-05,3.332e-06,0.5130950615453062,converged,0.001116,0.054145,3.2e-05,0.056462,1,135,7.334e-06,1.354e-05,2.101e-06,0.3063830540894761
14,ex14.py,2,16641,189441,0.090473,0.002187,1e-05,5000,converged,2e-06,0.028667,5e-05,0.030905,1,15,8.718e-06,0.0003533,3.44e-06,2.9274551043520467,converged,0.036448,0.002524,8.2e-05,0.041241,1,7,4.817e-06,7.527e-05,2.396e-06,2.1937634877912755,converged,0.186007,0.047497,7.8e-05,0.235769,1,2,2.413e-08,2.094e-07,1.322e-08,0.38373577527155817,converged,0.03899,0.006089,0.000169,0.047435,1,11,5.552e-06,3.733e-05,3.68e-06,1.907304732792242,converged,0.001822,0.243792,5e-05,0.247851,1,568,9.979e-06,1.444e-05,2.755e-06,0.36502979612751213
14,ex14.py,3,66049,755713,0.492246,0.006293,1e-05,5000,converged,2e-06,0.023161,0.000227,0.029684,1,15,5.86e-06,0.0003568,1.783e-06,16.582872928176798,converged,0.031211,0.002627,0.000204,0.040336,1,6,4.684e-06,8.903e-05,1.579e-06,12.203639428798096,converged,0.538529,0.118972,0.000229,0.664023,1,2,2.756e-08,3.069e-07,1.444e-08,0.7413086594892044,converged,0.033942,0.005387,0.000554,0.046176,1,11,5.49e-06,5.331e-05,3.572e-06,10.660213097713097,converged,0.001492,0.643282,0.000196,0.651263,1,1654,9.917e-06,1.52e-05,2.658e-06,0.7558328970016721
14,ex14.py,4,263169,3018753,5.021308,0.021499,1e-05,5000,converged,2e-06,0.020492,0.000406,0.042399,1,14,8.188e-06,0.00148,2.327e-06,118.4298686289771,converged,0.029505,0.003154,0.000611,0.054771,1,5,6.187e-06,0.0001318,1.336e-06,91.67822387759946,converged,2.406751,0.182254,0.000585,2.61109,1,2,2.913e-08,3.732e-07,1.487e-08,1.9230696758824861,converged,0.032225,0.008062,0.001252,0.063038,1,11,5.396e-06,7.589e-05,3.452e-06,79.65525556013834,converged,0.002327,4.086468,0.000414,4.110708,1,4216,9.994e-06,1.924e-05,2.684e-06,1.2215190181350757
14,ex14.py,5,1050625,12066817,97.398083,0.071309,1e-05,5000,converged,2e-06,0.03325,0.002644,0.107205,1,14,5.366e-06,0.002643,1.12e-06,908.5218320041043,converged,0.030423,0.007092,0.003191,0.112014,1,4,6.55e-06,0.0001882,1.07e-06,869.5170514399986,converged,11.517468,0.377799,0.002677,11.969252,1,2,2.994e-08,4.544e-07,1.514e-08,8.137357539134443,converged,0.042871,0.027401,0.003223,0.144804,1,11,5.353e-06,8.613e-05,3.415e-06,672.6201140852463,converged,0.008097,9.576592,0.001574,9.657572,1,2404,9.998e-06,2.758e-05,2.68e-06,10.085152147972597
15,ex15.py,1,8,22,0.000172,0.001034,1e-05,5000,converged,2e-06,0.025211,1.5e-05,0.026261,1,4,1.371e-15,2.776e-17,1.388e-17,0.006549636342865847,converged,0.024059,0.001166,1.4e-05,0.026273,1,4,1.913e-15,6.939e-17,4.077e-17,0.006546644844517185,converged,0.042665,0.00073,1.4e-05,0.044443,1,1,2.008e-15,6.939e-17,3.296e-17,0.00387012577908782,converged,0.031103,0.000728,1.8e-05,0.032882,1,1,3.277e-15,1.388e-16,7.286e-17,0.005230825375585427,converged,0.001109,0.001729,1.3e-05,0.003885,1,4,1.289e-15,6.939e-17,4.684e-17,0.044272844272844274
15,ex15.py,2,17,49,0.000222,0.001149,1e-05,5000,converged,2e-06,0.025128,1.4e-05,0.026293,1,9,6.536e-15,1.11e-16,4.796e-17,0.008443311908112426,converged,0.024015,0.002058,1.7e-05,0.02724,1,9,1.132e-14,1.249e-16,4.041e-17,0.00814977973568282,converged,0.042858,0.000779,1.3e-05,0.0448,1,1,6.265e-15,2.776e-17,1.02e-17,0.004955357142857143,converged,0.026063,0.002066,1.4e-05,0.029292,1,5,1.115e-14,1.249e-16,5.245e-17,0.007578861122490783,converged,0.001319,0.001923,1.3e-05,0.004404,1,5,5.165e-15,1.527e-16,8.245e-17,0.05040871934604905
15,ex15.py,3,26,76,0.000224,0.001001,1e-05,5000,converged,2e-06,0.026761,1.5e-05,0.027778,1,13,2.412e-14,1.665e-16,6.739e-17,0.008063935488516092,converged,0.025306,0.002469,1.5e-05,0.028791,1,13,2.13e-14,9.714e-17,3.229e-17,0.007780209093119377,converged,0.044619,0.000863,1.4e-05,0.046497,1,1,1.084e-14,1.11e-16,7.833e-17,0.004817515108501624,converged,0.027078,0.002602,1.4e-05,0.030694,1,7,3.477e-14,1.11e-16,5.604e-17,0.007297843226689255,converged,0.001077,0.004183,1.4e-05,0.006275,1,12,1.268e-08,1.244e-11,6.616e-12,0.03569721115537849
15,ex15.py,4,35,103,0.000235,0.00115,1e-05,5000,converged,2e-06,0.026503,1.6e-05,0.02767,1,18,3.752e-14,1.249e-16,5.739e-17,0.008492952656306469,converged,0.025582,0.003181,1.7e-05,0.029929,1,18,3.934e-14,1.665e-16,7.023e-17,0.007851916201677302,converged,0.042752,0.000996,1.5e-05,0.044912,1,1,2.299e-14,1.804e-16,1.182e-16,0.005232454577841111,converged,0.025504,0.00286,1.5e-05,0.029529,1,9,4.712e-13,6.8e-16,2.233e-16,0.007958278302685496,converged,0.001063,0.003151,1.3e-05,0.005377,1,9,3.371e-14,3.469e-16,2.09e-16,0.04370466803050028
15,ex15.py,5,44,130,0.000229,0.001169,1e-05,5000,converged,2e-06,0.028524,1.6e-05,0.029711,1,22,8.196e-14,2.914e-16,1.557e-16,0.007707583050048803,converged,0.025004,0.003858,1.6e-05,0.030047,1,22,5.354e-14,3.469e-16,1.667e-16,0.007621393150730522,converged,0.044547,0.001046,2.4e-05,0.046785,1,1,3.524e-14,2.082e-16,1.275e-16,0.004894731217270493,converged,0.027099,0.003554,1.5e-05,0.031838,1,11,2.99e-12,4.018e-15,7.803e-16,0.007192662855707017,converged,0.001101,0.006262,1.4e-05,0.008545,1,18,2.385e-06,7.981e-10,3.938e-10,0.02679929783499122
15,ex15.py,6,53,157,0.000231,0.001022,1e-05,5000,converged,2e-06,0.026906,1.6e-05,0.027945,1,27,1.013e-13,8.465e-16,5.387e-16,0.008266237251744498,converged,0.024685,0.004639,1.6e-05,0.030362,1,27,1.103e-13,5.69e-16,3.531e-16,0.007608194453593307,converged,0.042079,0.001027,1.5e-05,0.044143,1,1,6.094e-14,6.245e-16,4.341e-16,0.00523299277348617,converged,0.025554,0.004184,1.9e-05,0.030779,1,13,2.651e-11,2.448e-14,6.088e-15,0.007505117125312713,converged,0.001267,0.004305,1.4e-05,0.006608,1,12,7.808e-06,3.747e-09,1.19e-09,0.034957627118644065
15,ex15.py,7,62,184,0.000237,0.001173,1e-05,5000,converged,2e-06,0.02853,1.6e-05,0.02972,1,31,1.712e-13,1.374e-15,8.023e-16,0.00797442799461642,converged,0.024387,0.005266,1.6e-05,0.030842,1,31,1.947e-13,1.263e-15,7.187e-16,0.007684326567667466,converged,0.043013,0.00106,1.4e-05,0.04526,1,1,5.834e-14,7.91e-16,5.371e-16,0.005236411842686699,converged,0.025681,0.004791,1.4e-05,0.03166,1,15,1.669e-10,5.179e-14,1.041e-14,0.007485786481364497,converged,0.001084,0.008145,1.4e-05,0.010416,1,25,5.317e-07,9.463e-11,4.294e-11,0.022753456221198155
15,ex15.py,8,71,211,0.000228,0.001072,1e-05,5000,converged,2e-06,0.029305,1.7e-05,0.030396,1,36,2.752e-13,1.346e-15,7.241e-16,0.007500986971969997,converged,0.024421,0.006092,1.7e-05,0.031603,1,36,2.391e-13,6.384e-16,3.021e-16,0.007214504952061514,converged,0.043461,0.001251,1.5e-05,0.045799,1,1,8.331e-14,2.776e-16,1.898e-16,0.0049782746348173545,converged,0.025704,0.002942,2.2e-05,0.029741,1,9,5.083e-12,2.887e-15,7.886e-16,0.007666184728153055,converged,0.001089,0.005489,1.4e-05,0.007664,1,16,4.119e-07,1.081e-10,3.575e-11,0.029749478079331943
15,ex15.py,9,80,238,0.000228,0.001023,1e-05,5000,converged,2e-06,0.030959,1.6e-05,0.031999,1,40,2.442e-13,1.013e-15,4.807e-16,0.007125222663208226,converged,0.024629,0.00655,1.7e-05,0.032219,1,40,2.783e-13,5.967e-16,2.673e-16,0.007076569725938112,converged,0.041478,0.001213,1.4e-05,0.043728,1,1,1.491e-13,7.078e-16,4.69e-16,0.0052140504939626785,converged,0.023848,0.003102,1.5e-05,0.027989,1,10,2.871e-11,6.654e-15,2.115e-15,0.008146057379684877,converged,0.00107,0.010154,1.5e-05,0.012261,1,31,3.204e-06,3.756e-10,1.476e-10,0.018595546855884514
15,ex15.py,10,89,265,0.000242,0.001115,1e-05,5000,converged,2e-06,0.030681,2.1e-05,0.031818,1,45,3.793e-13,7.91e-16,3.756e-16,0.007605757747187127,converged,0.024166,0.007235,1.7e-05,0.032532,1,45,3.306e-13,1.041e-15,5.652e-16,0.00743882946022378,converged,0.043262,0.001286,1.5e-05,0.045678,1,1,1.503e-13,1.249e-16,5.531e-17,0.00529795525198126,converged,0.045225,0.007032,1.6e-05,0.053387,1,23,5.301e-08,1.448e-11,3.051e-12,0.004532938730402533,converged,0.00117,0.007945,1.4e-05,0.010243,1,19,6.486e-06,1.355e-09,4.192e-10,0.023625890852289368
15,ex15.py,11,98,292,0.000275,0.001132,1e-05,5000,converged,2e-06,0.031627,1.5e-05,0.032777,1,49,4.238e-13,7.91e-16,4.398e-16,0.008390029593922568,converged,0.023398,0.007968,1.5e-05,0.032513,1,49,5.171e-13,1.263e-15,5.325e-16,0.008458155199458679,converged,0.044083,0.001356,1.5e-05,0.046587,1,1,1.846e-13,5.551e-16,3.565e-16,0.005902934294974993,converged,0.025768,0.007232,1.4e-05,0.034147,1,25,6.452e-07,2.039e-10,5.244e-11,0.008053416112689256,converged,0.001081,0.012198,1.3e-05,0.014425,1,37,9.913e-06,8.15e-10,2.88e-10,0.01906412478336222
15,ex15.py,12,107,319,0.000195,0.001056,1e-05,5000,converged,3e-06,0.030673,1.6e-05,0.031748,1,54,6.726e-13,4.857e-16,2.792e-16,0.006142119188610307,converged,0.024393,0.0087,1.8e-05,0.034166,1,54,5.833e-13,1.082e-15,5.579e-16,0.005707428437628051,converged,0.042924,0.001422,1.4e-05,0.045415,1,1,1.95e-13,1.332e-15,9.152e-16,0.004293735549928438,converged,0.025392,0.007892,1.5e-05,0.034355,1,27,6.264e-06,1.509e-09,4.945e-10,0.005676029690001456,converged,0.00107,0.007601,1.4e-05,0.009741,1,23,3.92e-07,5.13e-11,1.718e-11,0.02001847859562673
15,ex15.py,13,116,346,0.000247,0.001119,1e-05,5000,converged,2e-06,0.036821,1.6e-05,0.037958,1,58,8.003e-13,1.582e-15,7.531e-16,0.006507192159755519,converged,0.023712,0.009134,1.6e-05,0.033981,1,58,7.811e-13,1.221e-15,5.923e-16,0.007268767840852241,converged,0.043243,0.001502,1.5e-05,0.045879,1,1,2.159e-13,1.082e-15,7.193e-16,0.005383726759519605,converged,0.026746,0.00834,1.4e-05,0.036219,1,30,6.478e-13,2.456e-15,1.534e-15,0.006819625058670863,converged,0.00104,0.01447,1.4e-05,0.016643,1,44,2.546e-06,1.458e-10,5.349e-11,0.014841074325542268
15,ex15.py,14,125,373,0.000251,0.001068,1e-05,5000,converged,2e-06,0.034691,1.6e-05,0.035778,1,63,9.892e-13,2.026e-15,9.097e-16,0.0070154843758734415,converged,0.025632,0.010544,1.7e-05,0.037261,1,63,8.47e-13,1.402e-15,7.773e-16,0.006736265800703147,converged,0.045194,0.001706,1.6e-05,0.047985,1,1,2.941e-13,1.762e-15,1.169e-15,0.005230801292070438,converged,0.026961,0.009466,2.1e-05,0.037517,1,32,7.468e-13,2.512e-15,1.104e-15,0.006690300397153289,converged,0.001033,0.009183,1.5e-05,0.011299,1,26,2.841e-06,3.437e-10,1.02e-10,0.022214355252677224
15,ex15.py,15,134,400,0.00026,0.001143,1e-05,5000,converged,2e-06,0.034712,1.8e-05,0.035874,1,67,1.068e-12,3.456e-15,1.979e-15,0.00724758878296259,converged,0.025707,0.011244,1.9e-05,0.038113,1,67,1.046e-12,3.886e-15,2.259e-15,0.006821819326738907,converged,0.044938,0.001692,1.8e-05,0.047791,1,1,3.578e-13,4.51e-15,3.024e-15,0.0054403548785336145,converged,0.027214,0.010424,2.3e-05,0.038804,1,34,9.097e-13,3.483e-15,2.043e-15,0.00670034017111638,converged,0.001103,0.017754,2.1e-05,0.020021,1,50,6.307e-06,2.797e-10,9.483e-11,0.012986364317466659
15,ex15.py,16,143,427,0.000269,0.001215,1e-05,5000,converged,2e-06,0.035654,1.7e-05,0.036887,1,72,1.393e-12,6.134e-15,2.71e-15,0.007292542087998481,converged,0.025419,0.01207,1.8e-05,0.038722,1,72,1.128e-12,4.108e-15,1.81e-15,0.006946955219255204,converged,0.044926,0.001846,3e-05,0.048016,1,1,4.379e-13,1.055e-15,6.945e-16,0.005602299233588803,converged,0.027023,0.005739,1.7e-05,0.033993,1,19,4.259e-08,9.467e-12,1.57e-12,0.007913393934045243,converged,0.001091,0.010534,1.6e-05,0.012855,1,30,1.981e-07,1.727e-11,5.309e-12,0.020925709840528977
15,ex15.py,17,152,454,0.000263,0.001039,1e-05,5000,converged,2e-06,0.036946,1.7e-05,0.038004,1,76,1.68e-12,4.51e-15,2.615e-15,0.006920324176402483,converged,0.025289,0.012861,1.9e-05,0.039207,1,76,1.249e-12,4.288e-15,2.474e-15,0.006707985818858877,converged,0.045034,0.001913,1.6e-05,0.048003,1,1,4.961e-13,4.288e-15,2.876e-15,0.0054788242401516574,converged,0.026501,0.005733,1.8e-05,0.03329,1,19,8.824e-08,1.236e-11,2.848e-12,0.007900270351456894,converged,0.001077,0.020196,1.6e-05,0.022328,1,57,1.835e-06,6.322e-11,2.232e-11,0.01177893228233608
15,ex15.py,18,161,481,0.000294,0.001105,1e-05,5000,converged,2e-06,0.037604,1.7e-05,0.038727,1,81,1.725e-12,5.343e-15,2.999e-15,0.0075916027577659,converged,0.024958,0.013504,1.8e-05,0.039585,1,81,1.586e-12,2.72e-15,1.116e-15,0.007427055702917771,converged,0.043303,0.00195,1.6e-05,0.046374,1,1,4.869e-13,2.498e-16,1.308e-16,0.006339759347910467,converged,0.025507,0.010984,1.7e-05,0.037613,1,39,7.654e-06,7.585e-08,4.923e-08,0.007816446441389945,converged,0.001064,0.010934,1.5e-05,0.013118,1,33,1.038e-06,8.302e-11,2.399e-11,0.022411953041622197
15,ex15.py,19,170,508,0.00027,0.001068,1e-05,5000,converged,2e-06,0.035629,2.1e-05,0.036719,1,85,1.852e-12,1.998e-15,1.001e-15,0.007353141425420082,converged,0.024152,0.015174,1.8e-05,0.040412,1,85,1.992e-12,1.874e-15,1.062e-15,0.006681183806790063,converged,0.041928,0.002073,1.8e-05,0.045087,1,1,5.285e-13,8.465e-16,5.328e-16,0.005988422383392108,converged,0.025948,0.012439,1.8e-05,0.039473,1,44,3.636e-12,1.346e-15,6.244e-16,0.006840118562055075,converged,0.00107,0.021263,1.6e-05,0.023416,1,63,4.08e-06,1.148e-10,3.851e-11,0.011530577382985994
15,ex15.py,20,179,535,0.000287,0.001059,1e-05,5000,converged,2e-06,0.037616,1.7e-05,0.038693,1,90,2.58e-12,3.608e-15,1.591e-15,0.007417362313596775,converged,0.025982,0.014744,1.7e-05,0.041802,1,90,2.488e-12,3.247e-15,1.411e-15,0.006865700205731783,converged,0.043584,0.002135,1.6e-05,0.046794,1,1,6.522e-13,8.188e-16,5.348e-16,0.00613326494849767,converged,0.025876,0.013063,2.2e-05,0.04002,1,46,1.781e-12,1.402e-15,5.424e-16,0.007171414292853573,converged,0.001186,0.012034,1.5e-05,0.014293,1,36,3.987e-06,2.826e-10,7.775e-11,0.0200797593227454
15,ex15.py,21,188,562,0.000452,0.001125,1e-05,5000,converged,2e-06,0.037124,1.7e-05,0.038268,1,94,2.488e-12,4.066e-15,2.066e-15,0.011811435141632694,converged,0.024587,0.015668,1.8e-05,0.041397,1,94,1.996e-12,4.122e-15,2.15e-15,0.010918665603787714,converged,0.042684,0.002245,2.1e-05,0.046074,1,1,6.438e-13,2.207e-15,1.477e-15,0.009810305161262318,converged,0.028506,0.01473,2.2e-05,0.044384,1,48,2.458e-12,3.095e-15,1.472e-15,0.010183850036049026,converged,0.001065,0.023821,1.9e-05,0.026031,1,69,7.66e-06,1.767e-10,5.543e-11,0.017363912258461067
15,ex15.py,22,197,589,0.000286,0.001128,1e-05,5000,converged,2e-06,0.038304,1.8e-05,0.039453,1,99,2.654e-12,2.207e-15,1.024e-15,0.007249131878437635,converged,0.024685,0.016172,1.8e-05,0.042003,1,99,3.03e-12,3.997e-15,2.024e-15,0.006809037449705974,converged,0.043541,0.002285,1.7e-05,0.046971,1,1,7.035e-13,6.106e-16,4.04e-16,0.006088863341210535,converged,0.026324,0.013277,1.9e-05,0.040748,1,45,8.881e-06,8.257e-08,5.253e-08,0.007018749386472956,converged,0.001185,0.013341,1.7e-05,0.015671,1,40,3.522e-07,2.011e-11,5.569e-12,0.01825027120158254
15,ex15.py,23,206,616,0.000273,0.001067,1e-05,5000,converged,2e-06,0.03951,2.3e-05,0.040602,1,103,3.01e-12,7.383e-15,4.384e-15,0.006723806709029113,converged,0.025441,0.017406,1.8e-05,0.043932,1,103,3.129e-12,9.173e-15,5.645e-15,0.00621414913957935,converged,0.046622,0.002369,1.7e-05,0.050075,1,1,7.539e-13,4.025e-15,2.723e-15,0.0054518222666001,converged,0.027075,0.012857,2.2e-05,0.041022,1,43,7.809e-06,4.347e-08,2.433e-08,0.0066549656281995025,converged,0.001018,0.026853,1.6e-05,0.028955,1,76,2.698e-06,5.171e-11,1.674e-11,0.009428423415644966
15,ex15.py,24,215,643,0.000281,0.001141,1e-05,5000,converged,2e-06,0.04476,2.4e-05,0.045927,1,108,3.268e-12,3.025e-15,1.526e-15,0.006118405295360028,converged,0.025658,0.017468,1.8e-05,0.044285,1,108,3.34e-12,4.982e-15,2.249e-15,0.006345263633284408,converged,0.043669,0.002451,2.2e-05,0.047284,1,1,7.795e-13,3.039e-15,1.998e-15,0.00594281363674816,converged,0.027075,0.008245,2.2e-05,0.036482,1,28,2.03e-12,7.036e-15,3.279e-15,0.0077024285949235235,converged,0.001052,0.01466,1.5e-05,0.016868,1,43,1.232e-06,6.284e-11,1.742e-11,0.01665876215318947
15,ex15.py,25,224,670,0.000308,0.001076,1e-05,5000,converged,2e-06,0.040109,2.5e-05,0.041212,1,112,3.485e-12,2.887e-15,1.387e-15,0.007473551392798214,converged,0.023936,0.018784,1.7e-05,0.043813,1,112,3.595e-12,2.845e-15,1.465e-15,0.0070298769771529,converged,0.04409,0.00256,1.6e-05,0.047742,1,1,8.939e-13,3.345e-15,2.221e-15,0.006451342633320766,converged,0.026161,0.008516,1.9e-05,0.035772,1,29,2.143e-12,4.038e-15,1.76e-15,0.00861008610086101,converged,0.001223,0.02845,1.6e-05,0.030765,1,82,4.933e-06,8.601e-11,2.464e-11,0.010011376564277589
15,ex15.py,26,233,697,0.000295,0.001056,1e-05,5000,converged,2e-06,0.042532,2.1e-05,0.043611,1,117,3.995e-12,4.788e-15,2.117e-15,0.006764348444199858,converged,0.026178,0.019847,1.8e-05,0.047099,1,117,4.669e-12,4.052e-15,1.768e-15,0.006263402620013164,converged,0.046567,0.002482,1.6e-05,0.05012,1,1,8.989e-13,1.193e-15,8.053e-16,0.005885873902633679,converged,0.027446,0.014496,2.3e-05,0.043021,1,47,7.507e-06,3.49e-08,1.696e-08,0.0068571162920434215,converged,0.001171,0.01609,1.9e-05,0.018336,1,46,3.633e-06,1.84e-10,4.593e-11,0.016088568935427573
15,ex15.py,27,242,724,0.000294,0.001129,1e-05,5000,converged,1e-06,0.041963,2.3e-05,0.043117,1,121,4.16e-12,6.772e-15,4.688e-15,0.006818656214486165,converged,0.025909,0.020292,2.3e-05,0.047353,1,121,3.616e-12,4.649e-15,3.142e-15,0.0062086879395180875,converged,0.044361,0.002767,1.6e-05,0.048274,1,1,8.838e-13,9.603e-15,6.394e-15,0.006090234909060778,converged,0.026136,0.015351,1.7e-05,0.042633,1,53,7.658e-06,4.417e-08,2.588e-08,0.006896066427415383,converged,0.001064,0.030176,1.5e-05,0.032384,1,88,7.971e-06,1.344e-10,3.183e-11,0.009078557312252964
15,ex15.py,28,251,751,0.000292,0.001137,1e-05,5000,converged,2e-06,0.045061,1.8e-05,0.046217,1,126,5.474e-12,7.563e-15,3.834e-15,0.006318021507237597,converged,0.025599,0.021892,2.9e-05,0.048656,1,126,4.662e-12,6.911e-15,3.501e-15,0.0060013153567905295,converged,0.045939,0.002775,2e-05,0.04987,1,1,1.053e-12,6.675e-15,4.472e-15,0.00585522358131141,converged,0.027211,0.01612,1.8e-05,0.044486,1,55,8.598e-06,5.031e-08,2.963e-08,0.006563862788292947,converged,0.001063,0.01724,1.8e-05,0.019458,1,49,9.372e-06,4.229e-10,1.066e-10,0.015006681056634804
15,ex15.py,29,260,778,0.000335,0.001161,1e-05,5000,converged,2e-06,0.045319,1.9e-05,0.046501,1,130,5.332e-12,1.06e-14,5.768e-15,0.00720414614739468,converged,0.026668,0.02244,2e-05,0.05029,1,130,7.123e-12,1.385e-14,7.954e-15,0.00666136408828793,converged,0.041856,0.002845,1.7e-05,0.045879,1,1,1.304e-12,1.439e-14,9.616e-15,0.007301815645502299,converged,0.024881,0.015763,2.3e-05,0.041829,1,55,9.612e-06,4.974e-08,2.752e-08,0.008008797724067035,converged,0.001045,0.03258,1.6e-05,0.034803,1,95,3.272e-06,4.39e-11,1.218e-11,0.009625606987903343
15,ex15.py,30,269,805,0.000325,0.00106,1e-05,5000,converged,2e-06,0.046684,1.7e-05,0.047763,1,135,6.591e-12,2.887e-15,9.999e-16,0.006804430207482779,converged,0.025439,0.024792,2.5e-05,0.051316,1,135,5.975e-12,5.343e-15,2.633e-15,0.006333307350533946,converged,0.046317,0.002829,1.7e-05,0.050223,1,1,1.409e-12,1.069e-15,6.725e-16,0.006471138721302989,converged,0.027127,0.016775,1.9e-05,0.044981,1,55,7.781e-06,3.666e-08,1.916e-08,0.007225272892999266,converged,0.001112,0.018819,1.6e-05,0.021008,1,53,1.08e-06,4.211e-11,1.021e-11,0.01547029702970297
15,ex15.py,31,278,832,0.000341,0.001057,1e-05,5000,converged,2e-06,0.048789,1.8e-05,0.049866,1,139,6.971e-12,7.966e-15,4.549e-15,0.006838326715597802,converged,0.02513,0.025634,2.3e-05,0.051843,1,139,6.058e-12,1.01e-14,5.84e-15,0.006577551453426692,converged,0.046745,0.003004,1.7e-05,0.050824,1,1,1.321e-12,1.257e-14,8.422e-15,0.0067094286164017,converged,0.027665,0.014999,1.9e-05,0.043739,1,49,9.391e-06,3.08e-08,1.104e-08,0.007796245913258191,converged,0.001112,0.036466,1.6e-05,0.038651,1,101,5.309e-06,6.946e-11,1.636e-11,0.008822540167136685
15,ex15.py,32,287,859,0.000405,0.001113,1e-05,5000,converged,2e-06,0.050193,1.8e-05,0.051327,1,144,6.037e-12,6.994e-15,4.566e-15,0.007890583903208837,converged,0.024439,0.025423,1.8e-05,0.050993,1,144,6.99e-12,5.912e-15,3.788e-15,0.00794226658560979,converged,0.045255,0.00308,1.8e-05,0.049467,1,1,1.482e-12,5.551e-16,3.195e-16,0.008187276366062222,converged,0.025911,0.011254,2.2e-05,0.038301,1,38,4.114e-12,6.897e-15,4.418e-15,0.010574136445523614,converged,0.00109,0.019028,1.9e-05,0.021251,1,56,2.757e-06,9.697e-11,2.384e-11,0.01905792668580302
15,ex15.py,33,296,886,0.000345,0.000979,1e-05,5000,converged,2e-06,0.047631,1.8e-05,0.048629,1,148,8.638e-12,9.229e-15,5.342e-15,0.00709453206934134,converged,0.023555,0.025643,1.8e-05,0.050195,1,148,8.161e-12,1.053e-14,6.117e-15,0.006873194541288973,converged,0.042115,0.00313,1.7e-05,0.04624,1,1,1.545e-12,2.172e-14,1.453e-14,0.0074610726643598605,converged,0.024126,0.009922,1.7e-05,0.035045,1,38,4.636e-12,1.057e-14,6.116e-15,0.009844485661292623,converged,0.001043,0.036527,1.9e-05,0.038567,1,107,7.707e-06,9.223e-11,1.895e-11,0.008945471517100111
15,ex15.py,34,305,913,0.000358,0.00114,1e-05,5000,converged,2e-06,0.049195,1.7e-05,0.050353,1,153,8.315e-12,1.314e-14,7.13e-15,0.007109804778265445,converged,0.024027,0.026514,1.8e-05,0.051699,1,153,9.186e-12,1.152e-14,5.847e-15,0.006924698736919475,converged,0.044221,0.003273,1.6e-05,0.04865,1,1,1.796e-12,2.04e-14,1.358e-14,0.007358684480986639,converged,0.026388,0.015424,1.9e-05,0.04297,1,53,9.565e-06,2.58e-08,8.439e-09,0.00833139399581103,converged,0.001062,0.020651,1.9e-05,0.022872,1,59,6.408e-06,2.339e-10,5.132e-11,0.01565232598810773
15,ex15.py,35,314,940,0.000352,0.001148,1e-05,5000,converged,2e-06,0.050089,1.7e-05,0.051255,1,157,7.898e-12,6.731e-15,4.026e-15,0.00686762267095893,converged,0.024056,0.028035,2.4e-05,0.053263,1,157,7.619e-12,8.327e-15,4.937e-15,0.006608715243227006,converged,0.050184,0.003361,1.7e-05,0.05471,1,1,1.929e-12,8.576e-15,5.742e-15,0.006433924328276366,converged,0.026412,0.016972,2.2e-05,0.044554,1,59,8.895e-06,3.068e-08,1.293e-08,0.007900525205368766,converged,0.001062,0.039242,2e-05,0.041472,1,113,9.873e-06,9.989e-11,1.991e-11,0.008487654320987654
15,ex15.py,36,323,967,0.000353,0.000946,1e-05,5000,converged,2e-06,0.054255,2.4e-05,0.055226,1,162,1.06e-11,8.951e-15,4.013e-15,0.006391916850758701,converged,0.024999,0.028858,2e-05,0.054823,1,162,8.691e-12,4.427e-15,2.012e-15,0.006438903379968262,converged,0.04669,0.003506,1.8e-05,0.05116,1,1,1.86e-12,1.593e-14,1.066e-14,0.006899921813917124,converged,0.027099,0.01929,3.9e-05,0.047373,1,63,8.022e-06,3.057e-08,1.397e-08,0.007451501910370887,converged,0.001314,0.023127,1.8e-05,0.025404,1,63,8.17e-07,2.302e-11,5.639e-12,0.01389544953550622
15,ex15.py,37,332,994,0.000365,0.001176,1e-05,5000,converged,2e-06,0.053434,1.9e-05,0.054631,1,166,1.1e-11,1.037e-14,4.613e-15,0.006681188336292581,converged,0.025363,0.031277,2.5e-05,0.05784,1,166,1.05e-11,7.896e-15,3.837e-15,0.006310511756569847,converged,0.044881,0.003465,1.7e-05,0.049538,1,1,2.067e-12,1.647e-14,1.098e-14,0.007368081069078283,converged,0.02769,0.01945,2.3e-05,0.048338,1,63,8.687e-06,3.068e-08,1.326e-08,0.007550995076337457,converged,0.001141,0.043181,1.6e-05,0.045514,1,120,5.362e-06,5.274e-11,1.067e-11,0.008019510480291777
15,ex15.py,38,341,1021,0.000359,0.00101,1e-05,5000,converged,2e-06,0.050331,1.8e-05,0.051362,1,171,1.147e-11,2.806e-14,1.503e-14,0.006989603208597797,converged,0.024702,0.02989,1.8e-05,0.055621,1,171,1.08e-11,2.853e-14,1.467e-14,0.006454396720663059,converged,0.042166,0.003454,1.7e-05,0.046648,1,1,2.033e-12,2.709e-14,1.811e-14,0.007695935517063968,converged,0.02444,0.01781,2.3e-05,0.043284,1,61,8.903e-06,2.656e-08,1.025e-08,0.008294057850475926,converged,0.001021,0.022774,1.9e-05,0.024824,1,66,1.903e-06,5.566e-11,1.207e-11,0.014461811150499517
15,ex15.py,39,350,1048,0.000361,0.00112,1e-05,5000,converged,2e-06,0.054078,1.7e-05,0.055217,1,175,1.172e-11,6.356e-15,3.62e-15,0.006537841606751544,converged,0.026129,0.03226,2.3e-05,0.059531,1,175,1.284e-11,7.022e-15,3.676e-15,0.006064067460650753,converged,0.047224,0.003712,1.8e-05,0.052073,1,1,2.294e-12,1.124e-15,7.251e-16,0.0069325754229639155,converged,0.027028,0.017076,2.3e-05,0.045247,1,57,8.324e-06,1.94e-08,5.54e-09,0.007978429509138726,converged,0.001084,0.047484,2.3e-05,0.04971,1,126,7.132e-06,6.129e-11,1.172e-11,0.007262120297726816
15,ex15.py,40,359,1075,0.000364,0.001127,1e-05,5000,converged,2e-06,0.0546,2.2e-05,0.05575,1,180,1.199e-11,4.774e-15,1.968e-15,0.00652914798206278,converged,0.025673,0.03311,2.5e-05,0.059935,1,180,1.078e-11,6.384e-15,2.748e-15,0.006073246016517895,converged,0.04442,0.003711,1.8e-05,0.049276,1,1,2.436e-12,5.246e-15,3.467e-15,0.007386963227534703,converged,0.026341,0.014015,2.2e-05,0.041505,1,46,1.016e-11,3.483e-15,1.667e-15,0.00877002770750512,converged,0.001093,0.024591,1.6e-05,0.026827,1,69,4.131e-06,1.107e-10,2.449e-11,0.013568419875498566
15,ex15.py,41,368,1102,0.000382,0.001123,1e-05,5000,converged,2e-06,0.054705,1.8e-05,0.055847,1,184,1.178e-11,2.219e-14,1.376e-14,0.006840116747542393,converged,0.025659,0.032807,1.9e-05,0.059608,1,184,1.291e-11,1.796e-14,1.107e-14,0.006408535767011139,converged,0.044559,0.00382,1.7e-05,0.049519,1,1,2.58e-12,2.194e-14,1.468e-14,0.007714210707001353,converged,0.025804,0.01275,2.1e-05,0.039698,1,47,8.183e-11,2.473e-14,1.466e-14,0.009622651015164492,converged,0.00109,0.048606,1.9e-05,0.050839,1,132,8.456e-06,5.915e-11,1.199e-11,0.0075139164814414135
15,ex15.py,42,377,1129,0.000382,0.001155,1e-05,5000,converged,2e-06,0.057604,1.7e-05,0.058777,1,189,1.281e-11,9.52e-15,4.655e-15,0.006499140820388927,converged,0.026877,0.034543,1.8e-05,0.062593,1,189,1.271e-11,1.031e-14,4.768e-15,0.00610291885674117,converged,0.047193,0.003848,1.6e-05,0.052212,1,1,2.552e-12,1.586e-14,1.063e-14,0.0073163257488699915,converged,0.026895,0.019284,2.2e-05,0.047356,1,63,7.066e-06,1.574e-08,4.252e-09,0.008066559675648281,converged,0.001297,0.026515,1.7e-05,0.028984,1,72,8.432e-06,2.375e-10,4.674e-11,0.01317968534363787
15,ex15.py,43,386,1156,0.000387,0.001055,1e-05,5000,converged,2e-06,0.056144,1.9e-05,0.05722,1,193,1.57e-11,1.978e-14,9.511e-15,0.006763369451240824,converged,0.024655,0.03342,1.9e-05,0.059148,1,193,1.499e-11,2.272e-14,1.063e-14,0.0065429093122337184,converged,0.046061,0.004091,1.7e-05,0.051224,1,1,2.64e-12,3.907e-14,2.612e-14,0.007555052319225363,converged,0.025824,0.020017,2.3e-05,0.046919,1,68,7.851e-06,2.001e-08,6.902e-09,0.008248257635499476,converged,0.001183,0.04849,1.6e-05,0.050744,1,138,9.093e-06,5.379e-11,1.182e-11,0.007626517420778811
15,ex15.py,44,395,1183,0.000385,0.001129,1e-05,5000,converged,2e-06,0.056795,1.7e-05,0.057943,1,198,1.529e-11,1.624e-14,8.17e-15,0.006644460935747199,converged,0.024737,0.033743,1.8e-05,0.059627,1,198,1.374e-11,1.116e-14,5.209e-15,0.006456806480285776,converged,0.045621,0.00409,2.3e-05,0.050863,1,1,2.889e-12,1.198e-14,7.986e-15,0.007569352967776183,converged,0.026684,0.020231,2.7e-05,0.048071,1,70,8.954e-06,2.31e-08,8.2e-09,0.008008986707162321,converged,0.001263,0.026622,1.6e-05,0.029029,1,76,1.243e-06,2.731e-11,6.107e-12,0.01326259946949602
15,ex15.py,45,404,1210,0.000386,0.001044,1e-05,5000,converged,2e-06,0.058781,1.7e-05,0.059844,1,202,1.575e-11,1.228e-14,5.585e-15,0.0064501036027003545,converged,0.024438,0.035347,1.8e-05,0.060847,1,202,1.681e-11,7.869e-15,2.819e-15,0.006343780301411738,converged,0.045053,0.003918,1.6e-05,0.050031,1,1,2.937e-12,1.954e-14,1.301e-14,0.007715216565729248,converged,0.02693,0.020645,2.2e-05,0.04864,1,70,9.746e-06,2.36e-08,7.917e-09,0.007935855263157895,converged,0.001318,0.050075,1.6e-05,0.052453,1,144,9.159e-06,4.418e-11,1.13e-11,0.007358968981755095
15,ex15.py,46,413,1237,0.000387,0.00118,1e-05,5000,converged,2e-06,0.059834,2.3e-05,0.061039,1,207,1.654e-11,2.64e-14,1.496e-14,0.006340208719015711,converged,0.026283,0.036836,2.2e-05,0.064321,1,207,1.547e-11,2.484e-14,1.401e-14,0.006016697501593569,converged,0.047468,0.004223,1.9e-05,0.052891,1,1,3.214e-12,9.187e-15,6.138e-15,0.007316934828231645,converged,0.027995,0.021692,3.1e-05,0.050898,1,70,7.917e-06,1.818e-08,5.718e-09,0.0076034421784745955,converged,0.001264,0.029121,2e-05,0.031585,1,79,2.57e-06,5.946e-11,1.166e-11,0.012252651575114768
15,ex15.py,47,422,1264,0.000404,0.001039,1e-05,5000,converged,2e-06,0.060395,2.7e-05,0.061463,1,211,1.416e-11,7.383e-15,4.271e-15,0.006573060215088753,converged,0.025663,0.037597,1.8e-05,0.064317,1,211,1.2e-11,8.271e-15,4.997e-15,0.006281387502526548,converged,0.047639,0.004229,1.8e-05,0.052925,1,1,3.557e-12,2.04e-15,1.334e-15,0.007633443552196505,converged,0.027742,0.019766,3.1e-05,0.048578,1,66,7.53e-06,1.348e-08,3.127e-09,0.008316521882333566,converged,0.001234,0.053887,1.6e-05,0.056176,1,148,9.823e-06,3.009e-11,1.177e-11,0.007191683281116492
15,ex15.py,48,431,1291,0.000374,0.00106,1e-05,5000,converged,2e-06,0.060419,1.7e-05,0.061498,1,216,2.105e-11,2.127e-14,1.237e-14,0.0060814985853198476,converged,0.024749,0.03757,2.2e-05,0.063401,1,216,1.89e-11,1.402e-14,7.379e-15,0.0058989605842179145,converged,0.045688,0.004303,1.8e-05,0.051069,1,1,3.049e-12,1.149e-14,7.683e-15,0.0073234251698682164,converged,0.025851,0.016241,2.1e-05,0.043173,1,56,1.54e-07,5.91e-12,6.936e-13,0.008662821670951752,converged,0.001078,0.028173,1.6e-05,0.030327,1,82,5.054e-06,1.099e-10,2.196e-11,0.012332245194051504
15,ex15.py,49,440,1318,0.000403,0.001059,1e-05,5000,converged,2e-06,0.062683,2.2e-05,0.063765,1,220,2.124e-11,1.547e-14,9.627e-15,0.006320081549439347,converged,0.025752,0.039302,2.6e-05,0.066139,1,220,1.979e-11,1.391e-14,8.74e-15,0.006093227898819153,converged,0.048313,0.004386,1.7e-05,0.053775,1,1,3.156e-12,9.173e-15,6.171e-15,0.007494188749418874,converged,0.026925,0.015005,2.3e-05,0.043012,1,56,4.417e-07,1.046e-11,1.609e-12,0.009369478285129731,converged,0.0011,0.053992,2e-05,0.056171,1,150,9.888e-06,2.818e-11,1.069e-11,0.007174520660127112
15,ex15.py,50,449,1345,0.000303,0.001154,1e-05,5000,converged,2e-06,0.062205,1.8e-05,0.063379,1,225,1.838e-11,1.586e-14,9.919e-15,0.004780763344325407,converged,0.025756,0.040559,2.5e-05,0.067494,1,225,2.01e-11,1.435e-14,8.858e-15,0.004489287936705485,converged,0.045955,0.004431,2.2e-05,0.051563,1,1,3.593e-12,1.341e-14,8.963e-15,0.0058763066539960825,converged,0.026326,0.020786,3e-05,0.048296,1,70,8.407e-06,1.393e-08,2.796e-09,0.006273811495776048,converged,0.00127,0.030317,1.6e-05,0.032757,1,85,9.504e-06,2.155e-10,3.952e-11,0.009249931312391244
15,ex15.py,51,458,1372,0.000406,0.001119,1e-05,5000,converged,2e-06,0.062103,1.9e-05,0.063243,1,229,2.052e-11,2.047e-14,8.903e-15,0.006419682810745854,converged,0.024384,0.039398,2.3e-05,0.064924,1,229,2.341e-11,1.818e-14,7.855e-15,0.006253465590536628,converged,0.045886,0.004528,1.6e-05,0.051549,1,1,3.734e-12,3.261e-15,2.179e-15,0.007876001474325399,converged,0.026611,0.021178,2.2e-05,0.04893,1,74,9.429e-06,1.768e-08,4.522e-09,0.008297567954220314,converged,0.001116,0.052894,1.5e-05,0.055144,1,152,9.935e-06,2.69e-11,9.636e-12,0.007362541708980125
15,ex15.py,52,467,1399,0.000412,0.001234,1e-05,5000,converged,2e-06,0.066019,2.4e-05,0.067278,1,234,2.036e-11,1.121e-14,5.859e-15,0.006123844347334938,converged,0.024127,0.041919,2.7e-05,0.067307,1,234,2.05e-11,1.081e-14,5.496e-15,0.006121205818116986,converged,0.04556,0.004615,2.2e-05,0.051431,1,1,3.826e-12,1.034e-14,6.923e-15,0.008010732826505416,converged,0.026521,0.022562,2.9e-05,0.050346,1,78,8.216e-06,1.667e-08,4.966e-09,0.00818337107218051,converged,0.001235,0.02977,1.7e-05,0.032255,1,89,1.564e-06,2.839e-11,5.737e-12,0.012773213455278251
15,ex15.py,53,476,1426,0.000566,0.001122,1e-05,5000,converged,2e-06,0.062286,2.6e-05,0.063436,1,238,2.214e-11,1.329e-14,5.768e-15,0.008922378460180338,converged,0.024223,0.040811,2e-05,0.066176,1,238,2.433e-11,6.495e-15,3.589e-15,0.008552949709864604,converged,0.043397,0.00465,1.8e-05,0.049187,1,1,3.227e-12,9.714e-17,2.464e-17,0.011507105536015614,converged,0.025639,0.022764,3e-05,0.049555,1,78,8.96e-06,1.728e-08,4.844e-09,0.011421652709111088,converged,0.001242,0.05492,1.6e-05,0.057301,1,154,9.991e-06,2.583e-11,8.755e-12,0.009877663566080871
15,ex15.py,54,485,1453,0.000408,0.001194,1e-05,5000,converged,2e-06,0.064359,2.4e-05,0.065579,1,243,2.717e-11,1.292e-14,6.185e-15,0.006221503835069153,converged,0.025939,0.041827,1.8e-05,0.068977,1,243,2.797e-11,1.027e-14,6.01e-15,0.005915015149977529,converged,0.04381,0.004736,1.7e-05,0.049757,1,1,3.674e-12,1.332e-15,8.337e-16,0.008199851277207227,converged,0.02507,0.022402,2.5e-05,0.048691,1,76,9.501e-06,1.633e-08,3.869e-09,0.008379371957856688,converged,0.001174,0.031925,1.5e-05,0.034309,1,92,2.989e-06,5.67e-11,1.047e-11,0.011891923402022792
15,ex15.py,55,494,1480,0.000427,0.001094,1e-05,5000,converged,2e-06,0.067683,1.7e-05,0.068797,1,247,2.949e-11,1.019e-14,5.89e-15,0.006206665988342516,converged,0.024401,0.042847,2.7e-05,0.06837,1,247,2.546e-11,5.01e-15,2.929e-15,0.006245429281848764,converged,0.046709,0.004905,2.3e-05,0.052732,1,1,4.051e-12,6.606e-15,4.409e-15,0.008097549874838808,converged,0.028157,0.025073,3.2e-05,0.054356,1,72,9.349e-06,1.266e-08,2.19e-09,0.007855618514975349,converged,0.001391,0.055082,1.7e-05,0.057584,1,157,9.845e-06,2.414e-11,7.843e-12,0.007415254237288136
15,ex15.py,56,503,1507,0.000414,0.001099,1e-05,5000,converged,2e-06,0.069807,1.7e-05,0.070925,1,252,2.431e-11,9.381e-15,4.055e-15,0.005837151921043355,converged,0.026569,0.044754,2.3e-05,0.072446,1,252,2.862e-11,1.009e-14,4.07e-15,0.005714601220219198,converged,0.056006,0.004916,1.9e-05,0.06204,1,1,4.093e-12,6.231e-15,4.146e-15,0.006673114119922631,converged,0.026921,0.020515,2.5e-05,0.04856,1,65,1.577e-11,1.674e-14,7.262e-15,0.008525535420098847,converged,0.00121,0.032605,1.7e-05,0.03493,1,95,5.498e-06,9.955e-11,1.83e-11,0.011852275980532493
15,ex15.py,57,512,1534,0.000425,0.001154,1e-05,5000,converged,2e-06,0.068684,2.6e-05,0.069866,1,256,3.027e-11,3.793e-14,1.913e-14,0.006083073311768242,converged,0.02551,0.046927,1.9e-05,0.07361,1,256,2.791e-11,2.678e-14,1.294e-14,0.005773672055427252,converged,0.04593,0.004981,1.7e-05,0.052082,1,1,4.169e-12,3.303e-14,2.196e-14,0.008160208901347873,converged,0.026865,0.018012,2.3e-05,0.046054,1,66,1.636e-11,2.771e-14,1.278e-14,0.009228297216311286,converged,0.001069,0.062218,1.9e-05,0.06446,1,159,9.922e-06,2.308e-11,7.202e-12,0.006593236115420415
15,ex15.py,58,521,1561,0.000432,0.00103,1e-05,5000,converged,2e-06,0.069932,2.3e-05,0.070987,1,261,3.005e-11,2.001e-14,7.852e-15,0.006085621310944258,converged,0.026259,0.04745,1.9e-05,0.074759,1,261,2.825e-11,2.254e-14,9.743e-15,0.005778568466672908,converged,0.048054,0.005099,1.8e-05,0.054201,1,1,5.231e-12,2.141e-14,1.424e-14,0.007970332650689102,converged,0.027154,0.023499,3.2e-05,0.051715,1,78,7.937e-06,1.026e-08,1.767e-09,0.008353475780721261,converged,0.001173,0.035813,1.8e-05,0.038034,1,98,9.769e-06,1.837e-10,3.133e-11,0.011358258400378608
15,ex15.py,59,530,1588,0.000433,0.001089,1e-05,5000,converged,2e-06,0.072062,2.4e-05,0.073177,1,265,3.022e-11,1.209e-14,5.96e-15,0.005917159763313609,converged,0.025883,0.048832,2.4e-05,0.075828,1,265,3.041e-11,1.844e-14,8.296e-15,0.0057102917128237585,converged,0.048667,0.005206,1.9e-05,0.054981,1,1,5.684e-12,1.735e-14,1.158e-14,0.007875447881995599,converged,0.027909,0.025079,3.1e-05,0.054107,1,82,8.69e-06,1.324e-08,2.92e-09,0.008002661393165394,converged,0.001278,0.058785,2.1e-05,0.061173,1,162,9.789e-06,2.156e-11,6.491e-12,0.007078286172003989
15,ex15.py,60,539,1615,0.000357,0.001059,1e-05,5000,converged,2e-06,0.0719,2.7e-05,0.072988,1,270,3.346e-11,1.894e-14,1.005e-14,0.00489121499424563,converged,0.026081,0.050118,2e-05,0.077279,1,270,3.083e-11,2.554e-14,1.427e-14,0.004619624995147452,converged,0.048167,0.005203,1.8e-05,0.054447,1,1,5.245e-12,9.395e-15,6.188e-15,0.0065568350873326355,converged,0.027387,0.025522,3.1e-05,0.053999,1,84,9.834e-06,1.528e-08,3.52e-09,0.006611233541361877,converged,0.001319,0.037336,1.8e-05,0.039733,1,102,1.752e-06,2.686e-11,4.995e-12,0.008984974706163643
15,ex15.py,61,548,1642,0.000464,0.001122,1e-05,5000,converged,2e-06,0.073147,2.6e-05,0.074297,1,274,3.831e-11,1.055e-14,5.063e-15,0.006245205055385816,converged,0.026155,0.049909,2.6e-05,0.077213,1,274,3.809e-11,1.397e-14,6.38e-15,0.0060093507569968785,converged,0.048709,0.005245,1.7e-05,0.055093,1,1,5.362e-12,1.682e-14,1.124e-14,0.008422122592706877,converged,0.027636,0.025965,2.9e-05,0.054753,1,86,8.31e-06,1.312e-08,3.177e-09,0.008474421492886235,converged,0.001232,0.059378,1.8e-05,0.061751,1,164,9.883e-06,2.134e-11,6.017e-12,0.007514048355492219
15,ex15.py,62,557,1669,0.000446,0.001191,1e-05,5000,converged,2e-06,0.072146,1.9e-05,0.073357,1,279,3.484e-11,2.758e-14,1.35e-14,0.006079856046457733,converged,0.025313,0.049659,2.1e-05,0.076183,1,279,3.502e-11,2.782e-14,1.35e-14,0.005854324455587204,converged,0.049936,0.005336,1.8e-05,0.05648,1,1,5.672e-12,9.992e-16,5.762e-16,0.007896600566572237,converged,0.028194,0.025488,2.5e-05,0.054897,1,84,8.913e-06,1.239e-08,2.555e-09,0.008124305517605698,converged,0.001145,0.039366,2.3e-05,0.041725,1,105,3.166e-06,5.051e-11,8.748e-12,0.010689035350509288
15,ex15.py,63,566,1696,0.000333,0.001111,1e-05,5000,converged,2e-06,0.074081,3e-05,0.075223,1,283,4.232e-11,2.216e-14,1.242e-14,0.004426837536391795,converged,0.027095,0.053288,1.9e-05,0.081513,1,283,3.559e-11,2.51e-14,1.205e-14,0.0040852379375069005,converged,0.04636,0.005422,1.9e-05,0.052912,1,1,6.312e-12,4.163e-15,2.685e-15,0.006293468400362867,converged,0.026466,0.023968,2.5e-05,0.051571,1,80,9.139e-06,9.555e-09,1.443e-09,0.0064571173721665286,converged,0.001119,0.061553,1.7e-05,0.0638,1,166,9.986e-06,2.034e-11,5.54e-12,0.005219435736677117
15,ex15.py,64,575,1723,0.000446,0.001071,1e-05,5000,converged,1e-06,0.071493,1.7e-05,0.072583,1,288,4.377e-11,3.775e-14,1.963e-14,0.006144689527850874,converged,0.024823,0.050402,2.6e-05,0.076323,1,288,4.102e-11,3.771e-14,2.039e-14,0.00584358581292664,converged,0.047746,0.005465,1.9e-05,0.054302,1,1,6.263e-12,5.788e-14,3.869e-14,0.008213325476041398,converged,0.02634,0.02239,2.6e-05,0.049827,1,75,2.226e-11,4.328e-14,2.409e-14,0.00895097035743673,converged,0.001127,0.037963,1.8e-05,0.040179,1,108,5.55e-06,8.537e-11,1.467e-11,0.011100326040966673
15,ex15.py,65,584,1750,0.000491,0.001061,1e-05,5000,converged,2e-06,0.071729,2.1e-05,0.072814,1,292,3.658e-11,1.305e-14,6.788e-15,0.00674320872359711,converged,0.025815,0.052067,2.6e-05,0.07897,1,292,4.582e-11,1.132e-14,5.752e-15,0.0062175509687223,converged,0.04608,0.005688,1.7e-05,0.052846,1,1,6.412e-12,2.14e-14,1.426e-14,0.00929114786360368,converged,0.024825,0.019635,3e-05,0.045551,1,75,2.385e-11,1.246e-14,6.616e-15,0.01077912669315712,converged,0.00141,0.062079,1.8e-05,0.064568,1,169,9.87e-06,1.929e-11,5.096e-12,0.007604386073596829
15,ex15.py,66,593,1777,0.000438,0.001007,1e-05,5000,converged,2e-06,0.071828,1.7e-05,0.072854,1,297,4.41e-11,1.951e-14,1.198e-14,0.006012024048096192,converged,0.024849,0.051911,1.9e-05,0.077785,1,297,4.523e-11,3.494e-14,1.487e-14,0.005630905701613421,converged,0.04725,0.005708,1.6e-05,0.053981,1,1,6.816e-12,6.314e-15,4.179e-15,0.0081139660250829,converged,0.025954,0.026148,4.1e-05,0.05315,1,86,7.276e-06,8.814e-09,1.268e-09,0.008240827845719662,converged,0.001239,0.039937,1.7e-05,0.042199,1,111,9.46e-06,1.506e-10,2.395e-11,0.01037939287660845
15,ex15.py,67,602,1804,0.000451,0.001094,1e-05,5000,converged,2e-06,0.074034,1.8e-05,0.075148,1,301,3.424e-11,1.679e-14,1.072e-14,0.006001490392292542,converged,0.02408,0.053128,2.6e-05,0.078328,1,301,4.265e-11,2.187e-14,1.422e-14,0.005757838831580023,converged,0.046091,0.00567,1.9e-05,0.052875,1,1,6.617e-12,3.4e-15,2.216e-15,0.008529550827423169,converged,0.02679,0.026704,3.5e-05,0.054623,1,90,8.347e-06,1.035e-08,1.991e-09,0.008256595207147173,converged,0.001348,0.059487,1.7e-05,0.061947,1,171,9.992e-06,1.87e-11,4.729e-12,0.00728041713077308
15,ex15.py,68,611,1831,0.000453,0.001231,1e-05,5000,converged,2e-06,0.077426,1.9e-05,0.078678,1,306,3.398e-11,3.018e-14,1.982e-14,0.005757645085030123,converged,0.025617,0.05525,2.4e-05,0.082123,1,306,4.377e-11,2.807e-14,1.83e-14,0.005516116069797742,converged,0.049942,0.005768,1.7e-05,0.056958,1,1,7.236e-12,2.744e-14,1.836e-14,0.007953228694827768,converged,0.027491,0.027673,2.3e-05,0.056418,1,92,9.221e-06,1.207e-08,2.418e-09,0.008029352334361374,converged,0.001056,0.042487,1.7e-05,0.044792,1,115,1.818e-06,2.395e-11,4.192e-12,0.010113413109483837
15,ex15.py,69,620,1858,0.000473,0.001139,1e-05,5000,converged,2e-06,0.075056,1.8e-05,0.076215,1,310,4.334e-11,5.815e-15,1.899e-15,0.006206127402742242,converged,0.024275,0.054719,2.5e-05,0.080158,1,310,4.058e-11,6.342e-15,2.369e-15,0.005900845829486764,converged,0.044925,0.005827,1.9e-05,0.05191,1,1,7.566e-12,1.391e-14,9.318e-15,0.009111924484685032,converged,0.026166,0.027554,3.1e-05,0.054891,1,94,7.793e-06,1.037e-08,2.195e-09,0.008617077480825635,converged,0.001187,0.060377,1.7e-05,0.062721,1,174,9.881e-06,1.821e-11,4.359e-12,0.007541333843529281
15,ex15.py,70,629,1885,0.000401,0.001109,1e-05,5000,converged,1e-06,0.0793,2.2e-05,0.080432,1,315,4.15e-11,3.721e-14,2.321e-14,0.004985577879450964,converged,0.024993,0.055713,1.9e-05,0.081834,1,315,4.454e-11,3.705e-14,2.299e-14,0.004900163746120194,converged,0.04784,0.005922,1.9e-05,0.05489,1,1,7.236e-12,3.524e-14,2.355e-14,0.007305520131171433,converged,0.026327,0.027617,3e-05,0.055084,1,92,8.478e-06,9.898e-09,1.775e-09,0.007279790864860939,converged,0.001249,0.041862,1.7e-05,0.044237,1,118,3.151e-06,4.305e-11,7.06e-12,0.009064810000678165
15,ex15.py,71,638,1912,0.000456,0.000994,1e-05,5000,converged,2e-06,0.077241,2.6e-05,0.078262,1,319,5.521e-11,2.558e-14,1.437e-14,0.005826582504919374,converged,0.025382,0.056359,2.5e-05,0.082761,1,319,5.074e-11,3.145e-14,1.662e-14,0.005509841592054228,converged,0.047773,0.00582,1.8e-05,0.054605,1,1,7.551e-12,2.512e-14,1.674e-14,0.008350883618716234,converged,0.02627,0.024919,2.4e-05,0.052207,1,88,7.973e-06,8.171e-09,1.054e-09,0.008734460896048422,converged,0.001051,0.06246,2.3e-05,0.064528,1,177,9.789e-06,1.711e-11,4.002e-12,0.007066699727250186
15,ex15.py,72,647,1939,0.000444,0.001034,1e-05,5000,converged,2e-06,0.081857,2.6e-05,0.082918,1,324,4.826e-11,2.495e-14,1.324e-14,0.005354687763814853,converged,0.026321,0.059646,2.5e-05,0.087026,1,324,4.668e-11,2.527e-14,1.335e-14,0.005101923563073104,converged,0.049789,0.006171,1.8e-05,0.057012,1,1,8.627e-12,6.481e-15,4.309e-15,0.007787834140181015,converged,0.027375,0.026782,3.2e-05,0.055224,1,83,7.261e-11,2.977e-14,1.579e-14,0.008039982616253803,converged,0.001215,0.04373,1.7e-05,0.045997,1,121,5.327e-06,7.078e-11,1.139e-11,0.00965280344370285
15,ex15.py,73,656,1966,0.000456,0.001086,1e-05,5000,converged,2e-06,0.082321,2.3e-05,0.083432,1,328,5.051e-11,2.688e-14,1.192e-14,0.005465528813884361,converged,0.0247,0.060734,2.6e-05,0.086545,1,328,5.535e-11,2.313e-14,1.131e-14,0.005268935236004391,converged,0.047028,0.006144,2e-05,0.054278,1,1,7.757e-12,1.381e-14,9.239e-15,0.008401193853863445,converged,0.026508,0.022512,3.1e-05,0.050136,1,84,2.128e-10,2.03e-14,1.006e-14,0.009095260890378171,converged,0.001308,0.062449,2e-05,0.064863,1,179,9.918e-06,1.635e-11,3.762e-12,0.007030202118310901
15,ex15.py,74,665,1993,0.000444,0.001079,1e-05,5000,converged,2e-06,0.081463,1.9e-05,0.082563,1,333,5.425e-11,3.036e-14,1.807e-14,0.0053777115657134555,converged,0.025513,0.06072,1.9e-05,0.087331,1,333,5.528e-11,3.157e-14,1.764e-14,0.005084105300523296,converged,0.046814,0.006252,1.8e-05,0.054164,1,1,8.543e-12,4.785e-14,3.188e-14,0.008197326637619084,converged,0.02745,0.028571,3.2e-05,0.057132,1,94,6.649e-06,6.721e-09,8.87e-10,0.007771476580550304,converged,0.001256,0.044797,1.7e-05,0.047149,1,124,8.794e-06,1.206e-10,1.82e-11,0.009416954760440306
15,ex15.py,75,674,2020,0.000482,0.001043,1e-05,5000,converged,2e-06,0.082638,2.7e-05,0.08371,1,337,6.413e-11,2.492e-14,1.094e-14,0.005757973957711145,converged,0.024998,0.058739,2.3e-05,0.084802,1,337,5.99e-11,1.213e-14,6.085e-15,0.005683828211598783,converged,0.048362,0.00627,2.3e-05,0.055697,1,1,8.673e-12,6.12e-15,4.018e-15,0.008653967000017955,converged,0.026197,0.029139,2.4e-05,0.056404,1,101,6.843e-06,7.269e-09,1.341e-09,0.008545493227430678,converged,0.001039,0.065191,2.1e-05,0.067294,1,182,9.833e-06,1.608e-11,3.505e-12,0.00716259993461527
15,ex15.py,76,683,2047,0.000467,0.000991,1e-05,5000,converged,2e-06,0.0842,2.3e-05,0.085216,1,342,5.706e-11,6.645e-14,2.928e-14,0.00548019151333083,converged,0.024467,0.06243,2.4e-05,0.087912,1,342,6.238e-11,7.397e-14,3.25e-14,0.005312130312130312,converged,0.049133,0.006383,1.7e-05,0.056525,1,1,8.375e-12,5.276e-14,3.515e-14,0.008261831048208757,converged,0.026531,0.029007,3e-05,0.05656,1,101,8.523e-06,9.395e-09,1.71e-09,0.008256718528995757,converged,0.001274,0.046021,2e-05,0.048306,1,128,1.789e-06,2.062e-11,3.396e-12,0.009667536123876951
15,ex15.py,77,692,2074,0.000425,0.001129,1e-05,5000,converged,2e-06,0.084205,2.3e-05,0.085358,1,346,6.215e-11,5.385e-15,2.726e-15,0.0049790294992853625,converged,0.025376,0.063996,1.9e-05,0.09052,1,346,5.842e-11,9.881e-15,5.506e-15,0.004695095006628369,converged,0.050916,0.006435,1.7e-05,0.058497,1,1,9.409e-12,7.398e-14,4.934e-14,0.007265329845975007,converged,0.027661,0.031082,3.3e-05,0.059906,1,101,9.399e-06,1.002e-08,1.71e-09,0.007094447968483957,converged,0.001255,0.069823,1.9e-05,0.072226,1,184,9.984e-06,1.551e-11,3.286e-12,0.00588430759006452
15,ex15.py,78,701,2101,0.000478,0.001142,1e-05,5000,converged,2e-06,0.083631,2.5e-05,0.084799,1,351,6.83e-11,5.36e-14,2.78e-14,0.005636858925223175,converged,0.027135,0.064832,2.9e-05,0.093137,1,351,6.294e-11,5.72e-14,2.896e-14,0.005132224572404093,converged,0.047574,0.006539,2.2e-05,0.055277,1,1,9.276e-12,4.365e-14,2.917e-14,0.008647357852271288,converged,0.027059,0.030095,2.7e-05,0.058323,1,101,7.481e-06,7.872e-09,1.277e-09,0.008195737530648287,converged,0.00115,0.049362,2.2e-05,0.051677,1,131,3.003e-06,3.572e-11,5.557e-12,0.00924976295063568
15,ex15.py,79,710,2128,0.000494,0.001088,1e-05,5000,converged,2e-06,0.085981,2.5e-05,0.087095,1,355,7.069e-11,3.743e-14,1.92e-14,0.0056719673919283535,converged,0.026104,0.064845,2e-05,0.092056,1,355,6.2e-11,3.729e-14,1.994e-14,0.005366298774658903,converged,0.049756,0.006585,1.9e-05,0.057448,1,1,8.999e-12,1.263e-14,8.361e-15,0.008599080907951539,converged,0.026946,0.030337,3.7e-05,0.058407,1,97,7.696e-06,6.133e-09,7.481e-10,0.00845789032136559,converged,0.001339,0.069348,1.7e-05,0.071791,1,187,9.892e-06,1.492e-11,3.08e-12,0.00688108537281832
15,ex15.py,80,719,2155,0.000471,0.001173,1e-05,5000,converged,2e-06,0.088057,2.5e-05,0.089256,1,360,4.949e-11,1.61e-14,8.86e-15,0.005276956171013714,converged,0.026533,0.065765,2.8e-05,0.093499,1,360,4.978e-11,2.298e-14,1.335e-14,0.0050374870319468655,converged,0.050159,0.006723,2e-05,0.058075,1,1,9.5e-12,3.78e-14,2.517e-14,0.008110202324580285,converged,0.027004,0.027786,2.6e-05,0.055989,1,91,5.282e-06,3.416e-10,1.347e-11,0.008412366714890426,converged,0.001091,0.049458,2.3e-05,0.051745,1,134,4.933e-06,5.739e-11,8.753e-12,0.009102328727413277
15,ex15.py,81,728,2182,0.000521,0.001068,1e-05,5000,converged,2e-06,0.089014,1.8e-05,0.090101,1,364,7.036e-11,2.555e-14,1.4e-14,0.005782399751390106,converged,0.025632,0.06608,2.6e-05,0.092805,1,364,7.302e-11,4.001e-14,1.984e-14,0.005613921663703464,converged,0.049961,0.006706,1.8e-05,0.057753,1,1,1.019e-11,2.97e-15,1.972e-15,0.009021176389105328,converged,0.026621,0.025036,2.8e-05,0.052754,1,93,6.808e-06,7.518e-11,8.903e-12,0.0098760283580392,converged,0.00122,0.071409,2.2e-05,0.073718,1,190,9.823e-06,1.44e-11,2.86e-12,0.007067473344366368
15,ex15.py,82,737,2209,0.000689,0.001219,1e-05,5000,converged,2e-06,0.088254,1.8e-05,0.089492,1,369,6.725e-11,3.447e-14,1.595e-14,0.007699012202208019,converged,0.025933,0.065669,2e-05,0.092842,1,369,7.522e-11,3.345e-14,1.55e-14,0.007421210228129511,converged,0.049987,0.006794,1.8e-05,0.058017,1,1,1.044e-11,3.247e-15,2.111e-15,0.011875829498250513,converged,0.027986,0.031225,3.4e-05,0.060463,1,103,7.734e-06,5.409e-09,6.466e-10,0.011395398838959363,converged,0.00106,0.050458,1.8e-05,0.052755,1,137,7.94e-06,9.507e-11,1.371e-11,0.01306037342431997
15,ex15.py,83,746,2236,0.000495,0.001177,1e-05,5000,converged,2e-06,0.086174,1.8e-05,0.087371,1,373,7.111e-11,3.293e-14,1.534e-14,0.005665495416099163,converged,0.024358,0.06599,2.5e-05,0.09155,1,373,7.109e-11,3.732e-14,1.694e-14,0.005406881485527034,converged,0.049361,0.006763,1.7e-05,0.057318,1,1,1.047e-11,2.436e-14,1.628e-14,0.008636030566314247,converged,0.026449,0.030928,3e-05,0.058584,1,107,7.66e-06,7.558e-09,1.091e-09,0.008449405981155265,converged,0.001044,0.066221,1.7e-05,0.068458,1,192,9.985e-06,1.411e-11,2.707e-12,0.007230710800782961
15,ex15.py,84,755,2263,0.000502,0.001057,1e-05,5000,converged,2e-06,0.090465,2.7e-05,0.091551,1,378,7.827e-11,4.426e-14,2.438e-14,0.0054832825419711415,converged,0.025366,0.067048,2e-05,0.093491,1,378,8.173e-11,2.957e-14,1.304e-14,0.005369500807564364,converged,0.048233,0.00687,2e-05,0.056179,1,1,1.082e-11,2.413e-14,1.605e-14,0.008935723312981718,converged,0.027346,0.032993,2.5e-05,0.061421,1,109,8.048e-06,7.937e-09,1.279e-09,0.008173100405398804,converged,0.001047,0.052425,1.7e-05,0.054545,1,141,1.695e-06,1.72e-11,2.702e-12,0.009203410028416901
15,ex15.py,85,764,2290,0.0005,0.001172,1e-05,5000,converged,2e-06,0.090128,2.4e-05,0.091326,1,382,5.299e-11,2.173e-14,1.029e-14,0.005474892144624751,converged,0.026347,0.067545,1.8e-05,0.095083,1,382,6.26e-11,2.222e-14,1.037e-14,0.005258563570775007,converged,0.048728,0.006999,1.8e-05,0.056917,1,1,1.044e-11,1.224e-14,8.201e-15,0.00878472161217211,converged,0.02608,0.031781,3e-05,0.059064,1,109,8.656e-06,8.291e-09,1.274e-09,0.008465393471488555,converged,0.001151,0.066498,1.6e-05,0.068837,1,195,9.908e-06,1.353e-11,2.565e-12,0.007263535598587969
15,ex15.py,86,773,2317,0.000497,0.001058,1e-05,5000,converged,2e-06,0.087009,1.8e-05,0.088087,1,387,8.749e-11,5.93e-14,2.776e-14,0.005642149238820712,converged,0.023655,0.069829,2e-05,0.094562,1,387,7.944e-11,5.321e-14,2.465e-14,0.005255811002305367,converged,0.046462,0.007063,1.7e-05,0.054601,1,1,1.104e-11,3.651e-14,2.432e-14,0.00910239739198916,converged,0.026076,0.030542,2.3e-05,0.057698,1,107,9.291e-06,8.035e-09,1.043e-09,0.008613816770078686,converged,0.001007,0.049408,1.7e-05,0.051489,1,144,2.772e-06,2.893e-11,4.285e-12,0.00965254714599235
15,ex15.py,87,782,2344,0.00051,0.001081,1e-05,5000,converged,2e-06,0.091892,1.8e-05,0.092994,1,391,8.998e-11,5.838e-14,2.909e-14,0.005484224788696045,converged,0.024953,0.070974,1.9e-05,0.097027,1,391,8.777e-11,7.183e-14,3.361e-14,0.0052562688736125,converged,0.048079,0.007123,1.8e-05,0.056301,1,1,1.127e-11,2.655e-14,1.778e-14,0.009058453668673737,converged,0.026639,0.031822,3.1e-05,0.059572,1,105,9.946e-06,5.346e-09,5.767e-10,0.00856106895857114,converged,0.0013,0.071793,1.9e-05,0.074194,1,198,9.847e-06,1.323e-11,2.382e-12,0.006873871202523116
15,ex15.py,88,791,2371,0.000528,0.0011,1e-05,5000,converged,1e-06,0.09087,2e-05,0.091992,1,396,9.032e-11,5.415e-14,2.457e-14,0.00573962953300287,converged,0.024622,0.068545,2.4e-05,0.094291,1,396,8.4e-11,4.949e-14,2.095e-14,0.005599686078204707,converged,0.049283,0.007232,1.7e-05,0.057631,1,1,1.177e-11,1.799e-14,1.197e-14,0.009161735871319255,converged,0.025883,0.029758,2.2e-05,0.056762,1,101,1.28e-06,8.552e-12,3.394e-13,0.009301997815439908,converged,0.00119,0.050668,1.7e-05,0.052975,1,147,4.45e-06,4.598e-11,6.709e-12,0.009966965549787637
15,ex15.py,89,800,2398,0.000406,0.001077,1e-05,5000,converged,1e-06,0.09207,2.4e-05,0.093172,1,400,5.727e-11,2.25e-14,1.156e-14,0.004357532305842957,converged,0.024616,0.06916,2e-05,0.094872,1,400,5.77e-11,2.354e-14,1.224e-14,0.004279450206594148,converged,0.04652,0.007341,1.8e-05,0.054955,1,1,1.166e-11,8.604e-15,5.639e-15,0.007387862796833774,converged,0.025499,0.026112,3e-05,0.052718,1,102,1.273e-06,6.711e-11,2.486e-12,0.00770135437611442,converged,0.001192,0.069419,1.7e-05,0.071705,1,201,9.769e-06,1.263e-11,2.246e-12,0.005662087720521581
15,ex15.py,90,809,2425,0.000506,0.001143,1e-05,5000,converged,2e-06,0.091749,1.8e-05,0.092912,1,405,1.004e-10,2.863e-14,1.487e-14,0.00544601343206475,converged,0.025058,0.072393,2.1e-05,0.098616,1,405,9.963e-11,3.046e-14,1.7e-14,0.00513101322300641,converged,0.046267,0.007346,1.7e-05,0.054774,1,1,1.163e-11,6.206e-14,4.14e-14,0.009237959615876146,converged,0.024831,0.031092,3.3e-05,0.0571,1,109,9.702e-06,6.136e-09,5.566e-10,0.008861646234676009,converged,0.001176,0.051924,1.7e-05,0.054261,1,150,7.017e-06,7.414e-11,1.029e-11,0.009325298096238553
15,ex15.py,91,818,2452,0.000531,0.001052,1e-05,5000,converged,2e-06,0.096175,2e-05,0.097249,1,409,7.653e-11,1.117e-14,6.008e-15,0.005460210387767483,converged,0.02648,0.076441,2.7e-05,0.104,1,409,7.196e-11,1.149e-14,6.37e-15,0.0051057692307692314,converged,0.051068,0.007453,2e-05,0.059593,1,1,1.254e-11,6.398e-15,4.182e-15,0.008910442501636098,converged,0.027466,0.034246,2.5e-05,0.06279,1,115,7.046e-06,6.17e-09,8.196e-10,0.008456760630673674,converged,0.001066,0.074846,2.1e-05,0.076985,1,203,9.956e-06,1.27e-11,2.172e-12,0.006897447554718452
15,ex15.py,92,827,2479,0.000593,0.001158,1e-05,5000,converged,2e-06,0.100225,2.5e-05,0.10141,1,414,7.978e-11,3.196e-14,1.632e-14,0.005847549551326299,converged,0.025329,0.07728,2.1e-05,0.103788,1,414,7.899e-11,3.622e-14,1.955e-14,0.0057135699695533195,converged,0.050566,0.00749,1.8e-05,0.059233,1,1,1.169e-11,1.499e-15,9.682e-16,0.010011311262303108,converged,0.027883,0.035364,3.4e-05,0.06444,1,115,9.838e-06,8.272e-09,1.069e-09,0.00920235878336437,converged,0.001375,0.056141,2.2e-05,0.058696,1,154,1.56e-06,1.422e-11,2.115e-12,0.010102903093907592
15,ex15.py,93,836,2506,0.000545,0.001113,1e-05,5000,converged,2e-06,0.096925,2e-05,0.09806,1,418,1.148e-10,4.563e-14,2.347e-14,0.005557821741790741,converged,0.026411,0.076279,2.4e-05,0.103827,1,418,1.158e-10,4.309e-14,2.017e-14,0.0052491163184913365,converged,0.051367,0.007633,1.8e-05,0.060131,1,1,1.273e-11,6.531e-14,4.356e-14,0.00906354459430244,converged,0.027626,0.035184,3.5e-05,0.063958,1,117,8.491e-06,6.816e-09,9.664e-10,0.008521217048688202,converged,0.001459,0.075964,2.2e-05,0.078558,1,206,9.905e-06,1.213e-11,2.02e-12,0.006937549326612185
15,ex15.py,94,845,2533,0.00054,0.001127,1e-05,5000,converged,2e-06,0.100381,2.6e-05,0.101536,1,423,1.047e-10,4.734e-14,2.692e-14,0.005318310746927199,converged,0.025931,0.088154,2.1e-05,0.115232,1,423,1.096e-10,4.652e-14,2.697e-14,0.00468619827825604,converged,0.051572,0.00774,2.1e-05,0.06046,1,1,1.271e-11,4.455e-15,2.984e-15,0.008931524975190208,converged,0.027294,0.036184,2.8e-05,0.064633,1,117,7.096e-06,5.728e-09,7.399e-10,0.008354865161759473,converged,0.001166,0.05806,2.1e-05,0.060373,1,157,2.498e-06,2.323e-11,3.289e-12,0.008944395673562686
15,ex15.py,95,854,2560,0.000531,0.001208,1e-05,5000,converged,2e-06,0.100318,2.6e-05,0.101554,1,427,1.044e-10,3.83e-14,1.86e-14,0.0052287452980680224,converged,0.026215,0.076585,1.9e-05,0.104027,1,427,1.095e-10,5.429e-14,2.228e-14,0.005104444038566911,converged,0.051341,0.007783,1.9e-05,0.06035,1,1,1.28e-11,2.29e-15,1.494e-15,0.0087986743993372,converged,0.027822,0.03388,2.6e-05,0.062936,1,113,8.009e-06,5.017e-09,4.522e-10,0.00843714249396212,converged,0.001018,0.07958,2.4e-05,0.08183,1,209,9.835e-06,1.15e-11,1.909e-12,0.006489062690944641
15,ex15.py,96,863,2587,0.000508,0.001088,1e-05,5000,converged,2e-06,0.098675,2.8e-05,0.099792,1,432,1.012e-10,2.334e-14,1.113e-14,0.005090588423921757,converged,0.025181,0.076176,2.5e-05,0.10247,1,432,1.072e-10,2.742e-14,1.179e-14,0.004957548550795355,converged,0.050486,0.007826,1.8e-05,0.059418,1,1,1.313e-11,1.497e-14,9.952e-15,0.008549597764987042,converged,0.025917,0.031313,3.7e-05,0.058355,1,110,4.073e-07,1.906e-11,6.77e-13,0.008705338017307857,converged,0.00118,0.057201,2.3e-05,0.059491,1,160,3.935e-06,3.615e-11,5.091e-12,0.00853910675564371
15,ex15.py,97,872,2614,0.000547,0.001135,1e-05,5000,converged,2e-06,0.09695,1.9e-05,0.098105,1,436,1.069e-10,5.311e-14,3.353e-14,0.005575658732990163,converged,0.025895,0.075746,1.9e-05,0.102795,1,436,1.227e-10,5.478e-14,3.501e-14,0.0053212704898098154,converged,0.048096,0.007899,1.7e-05,0.057147,1,1,1.306e-11,7.287e-14,4.862e-14,0.009571806044061805,converged,0.025569,0.027907,2.5e-05,0.054636,1,110,3.427e-06,1.411e-10,6.837e-12,0.010011713888278791,converged,0.000998,0.076873,2.1e-05,0.079027,1,212,9.786e-06,1.131e-11,1.824e-12,0.006921684993736317
15,ex15.py,98,881,2641,0.00059,0.001045,1e-05,5000,converged,2e-06,0.100203,1.8e-05,0.101268,1,441,1.04e-10,5.564e-14,3.29e-14,0.0058261247383181265,converged,0.024417,0.077443,2.1e-05,0.102927,1,441,1.075e-10,4.834e-14,2.836e-14,0.005732217979733209,converged,0.049963,0.007983,1.7e-05,0.059008,1,1,1.233e-11,3.104e-14,2.071e-14,0.009998644251626899,converged,0.025923,0.033713,2.5e-05,0.060707,1,119,7.618e-06,4.712e-09,4.106e-10,0.009718813316421502,converged,0.001011,0.055652,2.1e-05,0.057729,1,163,6.1e-06,5.729e-11,7.641e-12,0.010220166640683192
15,ex15.py,99,890,2668,0.000553,0.001089,1e-05,5000,converged,2e-06,0.098858,2.6e-05,0.099974,1,445,7.582e-11,1.223e-14,4.909e-15,0.005531438173925221,converged,0.026317,0.077602,1.9e-05,0.105028,1,445,8.524e-11,1.278e-14,5.339e-15,0.005265262596640896,converged,0.047567,0.007281,1.7e-05,0.055954,1,1,1.385e-11,1.045e-14,6.902e-15,0.00988311827572649,converged,0.026045,0.034964,2.7e-05,0.062125,1,121,8.99e-06,6.787e-09,7.223e-10,0.008901408450704225,converged,0.001114,0.073245,1.8e-05,0.075466,1,214,9.995e-06,1.12e-11,1.746e-12,0.00732780324914531
15,ex15.py,100,899,2695,0.000544,0.001056,1e-05,5000,converged,3e-06,0.097588,1.8e-05,0.098665,1,450,1.214e-10,4.644e-14,2.19e-14,0.005513606648760959,converged,0.024678,0.077158,1.9e-05,0.10291,1,450,1.15e-10,4.727e-14,2.177e-14,0.005286172383636187,converged,0.049527,0.00744,1.7e-05,0.05804,1,1,1.346e-11,2.82e-14,1.886e-14,0.009372846312887663,converged,0.026041,0.034753,2.5e-05,0.061876,1,123,9.035e-06,6.846e-09,8.252e-10,0.00879177710259228,converged,0.001035,0.058232,1.8e-05,0.060341,1,166,9.314e-06,8.666e-11,1.136e-11,0.009015428978638074
20,ex20.py,1,8065,91097,0.064855,0.0012,1e-05,5000,converged,2e-06,0.400557,3.5e-05,0.401794,1,2335,9.112e-06,1.453e-08,2.556e-09,0.16141356018258113,converged,0.025527,0.043955,3.3e-05,0.070716,1,283,7.327e-06,6.286e-10,8.251e-11,0.9171191809491487,timeout,0.147734,30.002759,5.1e-05,30.151744,0,1763,1.001,0.02402,0.009996,0.0021509535236170748,converged,0.026653,0.248284,7.6e-05,0.276213,1,906,9.889e-06,9.486e-09,1.995e-09,0.2348006791859905,converged,0.001236,0.04408,3.3e-05,0.046549,1,134,8.612e-06,5.051e-11,9.831e-12,1.3932630131689188
20,ex20.py,2,32513,370617,0.493023,0.00361,1e-05,5000,maxiter,2e-06,0.915111,7.8e-05,0.918802,0,5000,0.7903,0.0003466,2.245e-05,0.5365933030184958,converged,0.032162,0.182436,0.000117,0.218326,1,960,9.021e-06,1.379e-10,2.102e-11,2.2581964585070033,converged,0.491574,0.166252,7.8e-05,0.661515,1,960,9.021e-06,1.379e-10,2.102e-11,0.7452937575111676,converged,0.028979,1.062683,0.000172,1.095444,1,3568,9.921e-06,3.595e-09,7.122e-10,0.4500668222200313,converged,0.001366,0.204854,0.000181,0.210011,1,514,7.703e-06,1.285e-11,1.462e-12,2.347605601611344
20,ex20.py,3,130561,1494841,4.722911,0.011513,1e-05,5000,maxiter,2e-06,1.100559,0.00049,1.112566,0,5000,20.78,0.01419,0.004173,4.2450614165811285,converged,0.029663,0.759303,0.000245,0.800725,1,3476,9.194e-06,4.534e-11,5.998e-12,5.898293421586687,converged,2.639844,0.806981,0.000359,3.458697,1,3476,9.194e-06,4.534e-11,5.998e-12,1.365517418842992,maxiter,0.035985,1.82046,0.001005,1.868963,0,5000,0.08646,8.73e-05,1.993e-05,2.5270222042918986,converged,0.001379,1.230834,0.000377,1.244103,1,2456,8.324e-06,1.537e-11,2.044e-12,3.7962379320683257
20,ex20.py,4,523265,6004385,57.075187,0.038287,1e-05,5000,maxiter,4e-06,2.63015,0.001663,2.670104,0,5000,48.13,0.02121,0.008078,21.37564192256182,maxiter,0.031885,2.91161,0.001044,2.982827,0,5000,43.0,0.02573,0.00878,19.13459513407918,maxiter,15.482587,2.92299,0.00101,18.444874,0,5000,43.0,0.02573,0.00878,3.0943657842281818,maxiter,0.060364,6.00643,0.002019,6.107099,0,5000,48.88,0.02554,0.008704,9.345711769204986,maxiter,0.002275,9.091099,0.001052,9.132714,0,5000,338.7,0.0254,0.00893,6.249531847816542
20,ex20.py,5,2095105,24063889,623.350621,0.133496,1e-05,5000,maxiter,3e-06,12.850646,0.004221,12.988366,0,5000,120.1,0.02334,0.009388,47.99299781050211,maxiter,0.031877,13.949619,0.004065,14.119056,0,5000,83.74,0.02506,0.009663,44.14959619113346,maxiter,90.607273,13.893493,0.002825,104.637088,0,5000,83.74,0.02506,0.009663,5.957262696377789,maxiter,0.043033,25.299305,0.003898,25.479731,0,5000,82.68,0.02515,0.009648,24.464568366126002,timeout,0.010161,30.01635,0.00277,30.162777,0,3084,619.0,0.02404,0.009796,20.66622118381209
22,ex22.py,1,161,745,0.000422,0.001038,1e-05,5000,converged,1e-06,0.030045,1.7e-05,0.031101,1,26,5.287e-06,1.579e-07,5.17e-08,0.013568695540336325,converged,0.02651,0.005258,2.2e-05,0.032829,1,26,5.287e-06,1.579e-07,5.17e-08,0.012854488409637821,converged,0.048139,0.002443,1.7e-05,0.051637,1,2,1.303e-08,6.091e-10,3.387e-10,0.008172434494645312,converged,0.028314,0.009444,1.9e-05,0.038816,1,30,4.916e-06,1.993e-07,6.219e-08,0.010871805441055234,converged,0.001161,0.003784,1.6e-05,0.006,1,10,1.21e-06,4.1e-08,1.446e-08,0.07033333333333333
22,ex22.py,2,705,3401,0.001588,0.001087,1e-05,5000,converged,2e-06,0.034269,1.9e-05,0.035376,1,52,8.722e-06,1.017e-07,2.662e-08,0.044889190411578475,converged,0.02612,0.009342,1.9e-05,0.036568,1,52,8.722e-06,1.017e-07,2.662e-08,0.0434259461824546,converged,0.049846,0.005098,1.8e-05,0.056049,1,2,2.088e-06,6.566e-08,3.64e-08,0.028332352049099892,converged,0.028094,0.019272,3.6e-05,0.048489,1,61,9.055e-06,2.537e-07,6.245e-08,0.0327496958072965,converged,0.001357,0.007096,1.6e-05,0.009557,1,19,4.91e-06,9.906e-08,2.262e-08,0.1661609291618709
22,ex22.py,3,2945,14473,0.006827,0.001177,1e-05,5000,converged,2e-06,0.042704,3.2e-05,0.043915,1,106,9.177e-06,6.281e-08,1.73e-08,0.15545941022429693,converged,0.026094,0.019357,3.8e-05,0.046666,1,106,9.177e-06,6.281e-08,1.73e-08,0.14629494707067245,converged,0.059984,0.052752,3e-05,0.113943,1,6,9.979e-07,1.543e-08,7.102e-09,0.05991592287371756,converged,0.031167,0.037184,3.6e-05,0.069564,1,117,8.621e-06,9.724e-08,2.696e-08,0.09813984244724282,converged,0.001116,0.014282,2.2e-05,0.016597,1,38,7.481e-06,6.418e-08,1.727e-08,0.4113393986865096
22,ex22.py,4,12033,59657,0.025101,0.001193,1e-05,5000,converged,2e-06,0.064699,6.1e-05,0.065955,1,216,9.55e-06,5.777e-08,1.32e-08,0.3805776665908574,converged,0.036248,0.049494,6.4e-05,0.086999,1,216,9.55e-06,5.777e-08,1.32e-08,0.2885205577075598,timeout,0.121549,30.011938,6.7e-05,30.134747,0,2566,3.49,0.006623,0.0004132,0.0008329587104215607,converged,0.034715,0.075732,0.000111,0.111751,1,236,9.971e-06,8.45e-08,1.951e-08,0.22461543968286635,converged,0.001188,0.031014,5.1e-05,0.033446,1,76,9.02e-06,7.123e-08,1.78e-08,0.7504933325360282
22,ex22.py,5,48641,242185,0.146921,0.0023,1e-05,5000,converged,2e-06,0.111151,0.000216,0.113668,1,439,9.475e-06,4.228e-08,1.129e-08,1.292544955484393,converged,0.033076,0.098062,0.000169,0.133607,1,439,9.475e-06,4.228e-08,1.129e-08,1.0996504674156293,timeout,0.242379,30.007791,0.000225,30.252694,0,1266,17.34,0.04901,0.007534,0.004856460056086244,converged,0.027177,0.154613,0.000312,0.184402,1,471,9.831e-06,9.278e-08,1.692e-08,0.7967429854339974,converged,0.001155,0.066428,0.000165,0.070048,1,154,9.493e-06,5.593e-08,1.368e-08,2.097433188670626
22,ex22.py,6,195585,975881,1.041819,0.008292,1e-05,5000,converged,2e-06,0.23044,0.001014,0.239747,1,888,9.85e-06,3.846e-08,1.04e-08,4.345493374265372,converged,0.032683,0.196638,0.000483,0.238096,1,888,9.85e-06,3.846e-08,1.04e-08,4.375625797997446,timeout,0.864596,30.033471,0.000457,30.906815,0,485,33.22,0.1342,0.03115,0.03370839085166168,converged,0.026782,0.397552,0.001134,0.433759,1,937,9.921e-06,4.87e-08,1.176e-08,2.40183834802275,converged,0.00126,0.136665,0.000461,0.146678,1,312,9.368e-06,4.086e-08,1.147e-08,7.102762513805752
22,ex22.py,7,784385,3917833,9.779528,0.024913,1e-05,5000,converged,2e-06,1.046759,0.00178,1.073454,1,1814,9.894e-06,2.802e-08,8.281e-09,9.110337285062986,converged,0.028936,1.078493,0.002849,1.135191,1,1814,9.894e-06,2.802e-08,8.281e-09,8.614874501295377,timeout,3.729855,30.046502,0.00108,33.802351,0,204,11.64,0.1492,0.07143,0.2893150242715366,converged,0.047276,2.832191,0.002724,2.907105,1,1871,9.93e-06,3.388e-08,6.621e-09,3.3640092119135705,converged,0.002352,1.015982,0.001431,1.044679,1,630,9.802e-06,3.894e-08,1.039e-08,9.361275568858952
22,ex22.py,8,3141633,15699977,90.66875,0.084411,1e-05,5000,converged,2e-06,12.092698,0.006125,12.183236,1,3684,9.912e-06,2.31e-08,6.785e-09,7.442090919030051,converged,0.03148,13.728597,0.006249,13.850736,1,3684,9.912e-06,2.31e-08,6.785e-09,6.546132277736,timeout,17.888197,30.088774,0.003984,48.065366,0,90,11.59,0.1494,0.07142,1.886363457629762,converged,0.050355,26.878666,0.006417,27.019849,1,3777,9.967e-06,2.009e-08,4.56e-09,3.3556349630229243,converged,0.013135,15.178038,0.003872,15.279455,1,1285,9.953e-06,2.711e-08,8.228e-09,5.934030369538704
30,ex30.py,1,15625,245025,0.089372,0.002362,1e-05,5000,converged,2e-06,0.060029,4.7e-05,0.06244,1,202,9.963e-06,5.82e-10,9.382e-11,1.4313260730301087,converged,0.031465,0.032044,7.4e-05,0.065945,1,152,9.829e-06,1.019e-09,2.337e-10,1.3552505876108878,converged,0.234773,0.329245,4.8e-05,0.566428,1,6,2.357e-06,2.563e-10,6.163e-11,0.15778174807742554,converged,0.028062,0.068127,0.000106,0.098656,1,197,9.796e-06,9.148e-10,2.002e-10,0.905895231916964,converged,0.001225,0.024863,6.6e-05,0.028516,1,59,7.714e-06,9.632e-10,2.242e-10,3.1341001542993405
30,ex30.py,2,63001,998001,0.469983,0.006935,1e-05,5000,converged,2e-06,0.113242,0.000215,0.120394,1,411,9.55e-06,3.932e-10,5.94e-11,3.9037078259713938,converged,0.031807,0.073283,0.000144,0.112169,1,309,9.123e-06,3.254e-10,6.413e-11,4.18995444374114,timeout,0.903036,30.026962,0.000244,30.937177,0,187,0.05983,1.899e-06,1.245e-07,0.015191528302663168,converged,0.034737,0.127865,0.000398,0.169935,1,367,8.796e-06,5.417e-10,1.335e-10,2.7656633418660075,converged,0.001227,0.05333,0.000204,0.061696,1,118,9.358e-06,3.077e-10,6.065e-11,7.617722380705394
33,ex33.py,1,17486,267086,2.238441,0.003482,1e-05,5000,converged,2e-06,0.087548,8.3e-05,0.091115,1,362,9.953e-06,1.197e-06,1.263e-07,24.567206277780826,converged,0.033648,0.067122,5e-05,0.104302,1,326,9.502e-06,1.452e-06,1.583e-07,21.461151272267067,timeout,0.781992,30.016062,6.9e-05,30.801605,0,430,1.0,0.1222,0.02261,0.07267286883264687,converged,0.025826,0.079181,0.000101,0.10859,1,227,9.947e-06,1.714e-06,2.077e-07,20.613693710286395,maxiter,0.001288,1.906572,4.7e-05,1.91139,0,5000,2.418e-05,9.13e-07,8.816e-08,1.1711063676172837
33,ex33.py,2,146692,2325268,799.098041,0.020478,1e-05,5000,converged,2e-06,0.248178,0.000749,0.269406,1,744,9.208e-06,1.134e-06,7.988e-08,2966.1478994528707,converged,0.033267,0.174268,0.00039,0.228403,1,667,9.48e-06,1.43e-06,1.213e-07,3498.6319838180757,converged,18.215698,0.203707,0.000378,18.440261,1,667,9.48e-06,1.43e-06,1.213e-07,43.334421405423704,converged,0.034698,0.202503,0.000987,0.258665,1,466,9.962e-06,1.45e-06,9.064e-08,3089.3164556472657,maxiter,0.001482,3.627923,0.00039,3.650273,0,5000,0.1046,0.001256,0.0002312,218.91459652469828
35,ex35.py,1,2671,18379,0.006028,0.001169,1e-05,5000,converged,2e-06,0.025519,2.3e-05,0.026712,1,12,9.522e-06,0.00049,1.49e-05,0.22566636717580116,converged,0.024263,0.00059,2.3e-05,0.026045,1,1,1.079e-16,2.665e-15,4.024e-16,0.23144557496640433,converged,0.053918,0.007409,2.3e-05,0.062519,1,2,8.517e-09,1.853e-07,1.352e-08,0.09641868871862953,converged,0.026424,0.003493,3.3e-05,0.03112,1,9,7.324e-06,6.474e-05,1.351e-05,0.1937017994858612,converged,0.001112,0.022641,2.8e-05,0.02495,1,60,8.945e-06,3.59e-05,7.766e-06,0.24160320641282568
35,ex35.py,2,10525,73045,0.031676,0.001287,1e-05,5000,converged,2e-06,0.028521,3.6e-05,0.029846,1,13,7.339e-06,0.000564,9.959e-06,1.0613147490450983,converged,0.035161,0.000751,6.1e-05,0.037259,1,1,1.091e-16,3.442e-15,4.469e-16,0.8501570090447946,converged,0.113951,0.013997,3.7e-05,0.129272,1,2,8.316e-09,1.62e-07,1.353e-08,0.24503372733461232,converged,0.03976,0.004818,0.000115,0.045978,1,9,5.585e-06,8.608e-05,1.025e-05,0.6889381878289618,converged,0.001594,0.062204,6.2e-05,0.065147,1,118,8.398e-06,2.951e-05,7.042e-06,0.48622346385865817
35,ex35.py,3,41785,291241,0.227416,0.003515,1e-05,5000,converged,2e-06,0.027234,0.000113,0.030864,1,13,6.657e-06,0.001274,7.311e-06,7.368325557283567,converged,0.036436,0.001048,0.000163,0.041162,1,1,1.12e-16,3.997e-15,4.716e-16,5.524901608279482,converged,0.254169,0.027872,0.000151,0.285706,1,2,8.772e-09,1.482e-07,1.392e-08,0.7959790833934184,converged,0.038431,0.005362,0.000335,0.047643,1,9,5.831e-06,7.465e-05,1.06e-05,4.773335012488719,converged,0.001479,0.108216,0.000148,0.113358,1,198,9.447e-06,3.349e-05,7.255e-06,2.006175126590095
35,ex35.py,4,166513,1163089,3.320851,0.01162,1e-05,5000,converged,2e-06,0.019727,0.000587,0.031936,1,12,7.902e-06,0.002859,7.605e-06,103.98456287575151,converged,0.030823,0.00109,0.000465,0.043997,1,1,2.131e-16,5.773e-15,5.084e-16,75.47903266131782,converged,0.83838,0.045295,0.00027,0.895565,1,2,7.85e-09,1.354e-07,1.251e-08,3.7081071725670385,converged,0.031081,0.005984,0.001334,0.050018,1,9,5.955e-06,7.96e-05,1.074e-05,66.39311847734815,converged,0.00164,0.214607,0.000269,0.228136,1,400,9.791e-06,3.551e-05,7.714e-06,14.556453168285584
35,ex35.py,5,664801,4648609,36.348267,0.038658,1e-05,5000,converged,2e-06,0.024307,0.000893,0.06386,1,12,6.824e-06,0.003206,5.919e-06,569.1867679298465,converged,0.029398,0.001571,0.001256,0.070883,1,1,1.13e-16,6.217e-15,4.855e-16,512.7924467079554,converged,3.76933,0.074772,0.001916,3.884675,1,2,7.483e-09,1.437e-07,1.188e-08,9.356836028754014,converged,0.040765,0.016916,0.002587,0.098926,1,9,5.979e-06,0.0001201,1.089e-05,367.42885591250024,converged,0.003834,1.531569,0.001278,1.575339,1,918,9.943e-06,3.98e-05,8.287e-06,23.073298509082807
35,ex35.py,6,2656705,18586945,373.132327,0.129026,1e-05,5000,converged,2e-06,0.066794,0.005492,0.201314,1,12,6.043e-06,0.003431,4.971e-06,1853.484243520073,converged,0.03288,0.006134,0.00531,0.17335,1,1,1.129e-16,6.772e-15,4.863e-16,2152.4795327372367,converged,15.55918,0.169876,0.003585,15.861667,1,2,7.153e-09,1.423e-07,1.136e-08,23.524155878445814,converged,0.053335,0.064196,0.005818,0.252375,1,9,5.955e-06,0.0001304,1.077e-05,1478.4837127290737,converged,0.018415,19.848949,0.003306,19.999696,1,1839,9.999e-06,4.583e-05,7.98e-06,18.656899934879007
38,ex38.py,1,32513,366745,0.268995,0.003662,1e-05,5000,converged,2e-06,0.118532,7.9e-05,0.122276,1,487,9.69e-06,3.011e-06,8.176e-07,2.1999002257188653,converged,0.030332,0.100013,8.2e-05,0.134089,1,485,9.821e-06,3.277e-06,8.278e-07,2.006092968103274,timeout,0.381334,30.032939,9.6e-05,30.418031,0,663,0.005521,0.0003537,4.665e-05,0.008843274569613003,converged,0.03469,0.150188,0.000224,0.188764,1,446,9.828e-06,8.432e-06,3.38e-06,1.4250333750079465,converged,0.001182,0.907227,0.00011,0.912181,1,2384,9.695e-06,1.236e-06,4.295e-07,0.29489213215359666
38,ex38.py,2,130561,1478937,2.328372,0.011398,1e-05,5000,converged,2e-06,0.271996,0.000546,0.283941,1,947,9.987e-06,6.372e-06,1.592e-06,8.200196519699515,converged,0.070124,0.221222,0.000371,0.303114,1,946,9.92e-06,5.352e-06,1.503e-06,7.681505968051624,timeout,1.473118,30.083505,0.000252,31.568273,0,353,0.2648,0.0688,0.02284,0.07375671136650395,converged,0.050137,0.314109,0.000832,0.376475,1,857,9.996e-06,7.642e-06,2.651e-06,6.184665648449432,maxiter,0.001272,2.620909,0.00036,2.633939,0,5000,0.02315,0.00429,0.0008909,0.8839885813604643
38,ex38.py,3,523265,5939737,20.259814,0.038004,1e-05,5000,converged,2e-06,1.024735,0.001607,1.064348,1,1892,9.916e-06,7.594e-06,1.917e-06,19.034952853765873,converged,0.03125,1.087715,0.001517,1.158485,1,1870,9.956e-06,6.924e-06,1.941e-06,17.488197084985995,timeout,7.423683,30.250486,0.001892,37.714065,0,124,0.3232,0.2481,0.06412,0.5371951816914989,converged,0.037327,2.034538,0.001666,2.111536,1,1691,9.984e-06,7.161e-06,2.227e-06,9.594822915640556,maxiter,0.002491,8.959766,0.001024,9.001285,0,5000,0.3106,0.1234,0.0526,2.250769084636249
38,ex38.py,4,2095105,23807001,230.244444,0.130372,1e-05,5000,converged,2e-06,9.544137,0.004455,9.678966,1,3689,9.991e-06,1.217e-05,3.544e-06,23.788124062012407,converged,0.031751,10.051045,0.0048,10.217967,1,3618,9.978e-06,1.168e-05,3.578e-06,22.533292973054227,timeout,37.127096,30.547776,0.003056,67.8083,0,53,0.2947,0.3244,0.07185,3.3955200764508175,converged,0.047746,16.587495,0.004313,16.769925,1,3276,9.937e-06,1.08e-05,3.571e-06,13.72960487300927,timeout,0.011146,30.017679,0.00262,30.161817,0,3096,0.2621,0.2543,0.07513,7.633639710764109
40,ex40.py,1,3008,25216,0.004798,0.001087,1e-05,5000,converged,2e-06,0.049865,2.3e-05,0.050977,1,157,9.494e-06,4.008e-08,1.009e-08,0.09412087804303902,converged,0.02496,0.026306,2.4e-05,0.052378,1,158,8.81e-06,3.857e-08,9.57e-09,0.09160334491580435,converged,0.056215,0.033324,3.2e-05,0.090659,1,4,7.277e-08,8.002e-10,3.816e-10,0.052923592803803265,converged,0.026738,0.05606,3.7e-05,0.083923,1,211,9.204e-06,1.511e-07,3.849e-08,0.05717145478593473,converged,0.001206,0.226189,2.3e-05,0.228504,1,621,9.677e-06,2.049e-08,6.234e-09,0.020997444246052585
40,ex40.py,2,12160,102656,0.018677,0.001212,1e-05,5000,converged,2e-06,0.079804,6e-05,0.081078,1,299,9.861e-06,3.371e-08,8.005e-09,0.23035842028663756,converged,0.03221,0.06316,4.2e-05,0.096624,1,306,9.512e-06,2.124e-08,4.691e-09,0.19329566153336644,converged,0.112482,0.086804,6.2e-05,0.20056,1,5,5.449e-06,2.107e-08,6.389e-09,0.09312425209413643,converged,0.034028,0.129552,0.0001,0.164892,1,435,9.855e-06,1.17e-07,3.095e-08,0.11326807849986657,converged,0.001244,0.833487,4.7e-05,0.83599,1,2226,9.891e-06,9.745e-09,3.087e-09,0.022341176329860404
40,ex40.py,3,48896,414208,0.101022,0.003623,1e-05,5000,converged,2e-06,0.125651,0.000239,0.129515,1,579,8.998e-06,1.792e-08,4.365e-09,0.7800023163340154,converged,0.029704,0.113879,0.00011,0.147317,1,578,9.697e-06,1.937e-08,4.704e-09,0.6857457048405818,converged,0.231241,0.232351,0.000159,0.467374,1,7,4.505e-06,3.381e-08,1.375e-08,0.2161480955294903,converged,0.033418,0.259741,0.000374,0.297156,1,903,9.93e-06,8.446e-08,2.447e-08,0.3399628477971167,maxiter,0.001171,1.901813,0.000107,1.906715,0,5000,0.000995,1.684e-06,6.593e-07,0.052982223352729695
40,ex40.py,4,196096,1664000,0.708372,0.013172,1e-05,5000,converged,2e-06,0.314998,0.001202,0.329374,1,1154,9.626e-06,7.048e-09,1.661e-09,2.150661557985755,converged,0.033413,0.282124,0.000453,0.329163,1,1156,9.39e-06,7.63e-09,1.729e-09,2.15204017462473,converged,0.925518,1.165514,0.000447,2.104651,1,13,8.806e-06,2.464e-08,6.042e-09,0.33657456746985603,converged,0.031542,0.828422,0.001113,0.874249,1,1912,9.788e-06,4.499e-08,1.463e-08,0.8102634375332428,maxiter,0.00133,3.041571,0.000434,3.056507,0,5000,17.85,0.01895,0.003216,0.23175867092730362
40,ex40.py,5,785408,6670336,5.562384,0.0423,1e-05,5000,converged,2e-06,1.677055,0.002015,1.721373,1,2320,9.918e-06,5.338e-09,1.165e-09,3.2313647303634947,converged,0.029872,1.738096,0.002227,1.812495,1,2327,9.806e-06,5.314e-09,1.152e-09,3.0689099831999536,converged,4.506171,6.224218,0.002365,10.775055,1,24,4.712e-06,7.684e-09,2.093e-09,0.5162278986046939,converged,0.036855,6.329299,0.002895,6.411349,1,3951,9.7e-06,2.611e-08,8.756e-09,0.8675840295076745,maxiter,0.002862,11.134521,0.001463,11.181147,0,5000,43.55,0.04286,0.01266,0.49747883647357466
40,ex40.py,6,3143680,26710016,56.949581,0.13864,1e-05,5000,converged,3e-06,16.015906,0.005299,16.159849,1,4193,9.754e-06,1.619e-08,5.834e-09,3.5241406649282427,converged,0.032864,17.961474,0.003919,18.136898,1,4207,9.669e-06,1.636e-08,5.914e-09,3.139984632432735,timeout,24.559269,30.167704,0.003836,54.869449,0,44,3.94e-05,3.103e-08,8.465e-09,1.0379105684112118,timeout,0.056486,30.013003,0.005978,30.214107,0,4007,0.03216,4.176e-05,1.158e-05,1.8848672575363556,timeout,0.015502,30.022951,0.003535,30.180628,0,2155,72.11,0.06382,0.02634,1.8869581176375787
41,ex41.py,1,34,228,0.000184,0.001103,1e-05,5000,converged,2e-06,0.025872,1.7e-05,0.026994,1,13,6.236e-06,5.289e-08,1.871e-08,0.006816329554715863,converged,0.024851,0.002302,1.6e-05,0.028272,1,13,5.517e-06,6.779e-08,1.886e-08,0.006508205998868139,converged,0.042873,0.000871,1.4e-05,0.044861,1,1,1.021e-15,1.041e-17,4.031e-18,0.004101558146274047,converged,0.025753,0.004112,1.4e-05,0.030982,1,13,2.839e-06,2.633e-08,9.447e-09,0.005938932283261249,converged,0.001039,0.001824,1.3e-05,0.00398,1,5,5.25e-06,5.666e-08,1.983e-08,0.04623115577889447
41,ex41.py,2,34,228,0.000156,0.001074,1e-05,5000,converged,2e-06,0.02617,1.6e-05,0.027261,1,13,6.236e-06,5.289e-08,1.871e-08,0.005722460658082976,converged,0.025129,0.002262,1.7e-05,0.028481,1,13,5.517e-06,6.779e-08,1.886e-08,0.005477335767704786,converged,0.042741,0.000912,1.5e-05,0.044741,1,1,1.021e-15,1.041e-17,4.031e-18,0.0034867347622985624,converged,0.025834,0.005036,1.5e-05,0.031959,1,13,2.839e-06,2.633e-08,9.447e-09,0.004881254106824369,converged,0.001187,0.001895,1.4e-05,0.00417,1,5,5.25e-06,5.666e-08,1.983e-08,0.03741007194244604
43,ex43.py,1,216,9702,0.000675,0.00103,1e-05,5000,converged,2e-06,0.029397,1.6e-05,0.030446,1,42,6.008e-06,1.112e-07,2.257e-08,0.02217040005255206,converged,0.024849,0.005839,1.8e-05,0.031737,1,35,4.464e-06,7.169e-08,1.844e-08,0.021268550902731827,converged,0.043668,0.006252,1.6e-05,0.050967,1,2,2.328e-08,1.339e-09,2.593e-10,0.013243863676496558,converged,0.025061,0.016374,1.7e-05,0.042483,1,66,8.138e-06,1.439e-07,3.9e-08,0.01588870842454629,converged,0.001018,0.010948,1.9e-05,0.013016,1,28,5.739e-06,8.372e-08,2.434e-08,0.05185925015365704
43,ex43.py,2,1275,74529,0.00581,0.001207,1e-05,5000,converged,2e-06,0.037738,1.9e-05,0.038967,1,90,7.727e-06,2.097e-07,3.517e-08,0.1491005209536274,converged,0.023996,0.01196,1.9e-05,0.037182,1,72,7.966e-06,1.223e-07,2.27e-08,0.15625840460437845,converged,0.085215,0.048592,2.1e-05,0.135035,1,2,5.541e-07,2.366e-08,6.786e-09,0.043025882178694415,converged,0.025963,0.032087,3.9e-05,0.059296,1,111,8.951e-06,3.353e-06,8.636e-07,0.09798300053966541,converged,0.001199,0.07703,1.7e-05,0.079453,1,226,7.402e-06,3.542e-08,6.506e-09,0.07312499213371428
43,ex43.py,3,3822,246924,0.045611,0.002408,1e-05,5000,converged,2e-06,0.045732,2.9e-05,0.04817,1,131,8.736e-06,1.931e-07,2.889e-08,0.9468756487440316,converged,0.02828,0.018671,2.9e-05,0.049388,1,109,8.71e-06,1.658e-07,2.527e-08,0.9235239329391755,converged,0.214849,0.177172,3e-05,0.394459,1,2,6.715e-06,2.619e-07,5.629e-08,0.11562925424442083,converged,0.023608,0.041863,3.9e-05,0.067919,1,150,8.169e-06,1.233e-06,2.968e-07,0.6715499344807786,converged,0.001019,0.321466,3.5e-05,0.324928,1,909,8.416e-06,4.065e-08,5.956e-09,0.1403726363994485
43,ex43.py,4,8505,579375,0.218682,0.006152,1e-05,5000,converged,2e-06,0.048479,4.5e-05,0.054679,1,169,8.745e-06,3.796e-07,5.617e-08,3.9993781890671007,converged,0.023771,0.023929,3.3e-05,0.053886,1,144,9.513e-06,2.783e-07,4.006e-08,4.058234049660394,converged,0.677108,0.765154,4.7e-05,1.448461,1,3,8.203e-07,3.893e-08,8.262e-09,0.15097541459521518,converged,0.026666,0.051469,9e-05,0.084378,1,185,9.814e-06,2.059e-06,4.549e-07,2.5916945175282655,converged,0.00108,0.508254,3.2e-05,0.515518,1,1459,9.775e-06,4.991e-08,5.313e-09,0.4241985730857118
43,ex43.py,5,15972,1124370,1.768125,0.010544,1e-05,5000,converged,2e-06,0.056742,6.5e-05,0.067353,1,207,8.875e-06,4.15e-07,4.351e-08,26.251614627410806,converged,0.029036,0.038998,6.6e-05,0.078643,1,178,8.753e-06,4.137e-07,6.426e-08,22.482929186323002,timeout,2.11251,30.039476,9.5e-05,32.162624,0,77,0.05534,0.007249,0.001334,0.05497452571034005,converged,0.034503,0.059117,9.6e-05,0.10426,1,171,9.234e-06,2.816e-05,5.987e-06,16.958804910799923,converged,0.00129,1.283481,6.6e-05,1.295381,1,3478,9.807e-06,4.501e-08,9.278e-09,1.364945911666143
43,ex43.py,6,26871,1934397,3.46634,0.011466,1e-05,5000,converged,2e-06,0.085159,9.9e-05,0.096727,1,242,9.163e-06,4.197e-07,5.005e-08,35.83632284677495,converged,0.031756,0.057978,0.0001,0.101301,1,209,9.958e-06,3.376e-07,5.653e-08,34.218220945499056,timeout,3.816207,30.097132,0.000164,33.924969,0,46,0.02912,0.006438,0.001259,0.1021766593213394,converged,0.034949,0.078304,0.000138,0.124857,1,203,9.249e-06,2.353e-05,4.975e-06,27.76248027743739,maxiter,0.001356,2.914303,9.6e-05,2.927221,0,5000,0.0001424,6.626e-07,6.772e-08,1.1841743414658479
43,ex43.py,7,41850,3061944,14.563593,0.020425,1e-05,5000,converged,3e-06,0.113852,0.000172,0.134452,1,276,9.14e-06,5.869e-07,7.002e-08,108.31815815309554,converged,0.031504,0.080672,0.000148,0.13275,1,244,8.579e-06,3.984e-07,7.149e-08,109.70691525423727,timeout,7.766058,30.715684,0.000259,38.502427,0,34,0.03646,0.01166,0.002325,0.37825129828828713,converged,0.035838,0.103977,0.000342,0.160582,1,235,9.156e-06,2.036e-05,4.27e-06,90.69256205552303,maxiter,0.001531,4.122256,0.000138,4.144351,0,5000,0.002902,9.867e-06,1.91e-06,3.5140829046574478
44,ex44.py,1,129,385,0.000131,0.000989,1e-05,5000,converged,2e-06,0.024365,1.7e-05,0.025373,1,2,5.018e-06,3.851e-06,1.188e-06,0.005162968509833288,converged,0.023703,0.000799,1.7e-05,0.025508,1,2,5.018e-06,3.851e-06,1.188e-06,0.005135643719617376,converged,0.043914,0.001591,1.6e-05,0.04651,1,1,7.012e-17,2.22e-16,1.816e-17,0.0028165985809503334,converged,0.025885,0.001025,1.5e-05,0.027914,1,2,5.018e-06,3.851e-06,1.188e-06,0.0046929855986243465,converged,0.001073,0.000863,1.5e-05,0.002941,1,2,2.855e-06,2.192e-06,6.813e-07,0.04454267256035362
44,ex44.py,2,257,769,0.000187,0.001812,1e-05,5000,converged,3e-06,0.024999,1.8e-05,0.026831,1,2,3.16e-07,2.415e-07,7.469e-08,0.00696955014721777,converged,0.025457,0.000799,1.9e-05,0.028087,1,2,3.16e-07,2.415e-07,7.469e-08,0.006657884430519457,converged,0.045743,0.002915,1.7e-05,0.050486,1,1,8.287e-17,2.22e-16,1.411e-17,0.0037039971477241212,converged,0.027269,0.001099,1.8e-05,0.030197,1,2,3.16e-07,2.415e-07,7.469e-08,0.006192668145842302,converged,0.001277,0.000958,1.6e-05,0.004062,1,2,1.963e-07,1.501e-07,4.646e-08,0.04603643525356967
44,ex44.py,3,513,1537,0.0004,0.001045,1e-05,5000,converged,2e-06,0.02356,1.8e-05,0.024626,1,2,1.979e-08,1.511e-08,4.677e-09,0.016242995208316416,converged,0.025083,0.000877,1.9e-05,0.027025,1,2,1.979e-08,1.511e-08,4.677e-09,0.014801110083256245,converged,0.046666,0.004943,1.8e-05,0.052672,1,1,7.997e-17,3.331e-16,1.609e-17,0.007594167679222358,converged,0.027802,0.001352,2.6e-05,0.030226,1,2,1.979e-08,1.511e-08,4.677e-09,0.013233639912657977,converged,0.001306,0.001065,1.7e-05,0.003434,1,2,1.257e-08,9.6e-09,2.972e-09,0.11648223645894001
44,ex44.py,4,1025,3073,0.000312,0.001068,1e-05,5000,converged,2e-06,0.025059,1.9e-05,0.026148,1,2,1.237e-09,9.448e-10,2.926e-10,0.011932078935291418,converged,0.02498,0.000866,2e-05,0.026933,1,2,1.237e-09,9.448e-10,2.926e-10,0.011584301785913192,converged,0.052574,0.00914,1.9e-05,0.062801,1,1,7.823e-17,3.331e-16,1.737e-17,0.0049680737567873124,converged,0.027686,0.001173,2.8e-05,0.029954,1,2,1.237e-09,9.448e-10,2.926e-10,0.010415971155772183,converged,0.001089,0.001019,1.5e-05,0.00319,1,2,7.905e-10,6.035e-10,1.87e-10,0.09780564263322883
44,ex44.py,5,2049,6145,0.000615,0.001049,1e-05,5000,converged,2e-06,0.02334,2.1e-05,0.024413,1,1,5.619e-06,4.554e-06,1.208e-06,0.02519149633392045,converged,0.024162,0.00066,2.1e-05,0.025892,1,1,5.619e-06,4.554e-06,1.208e-06,0.02375251042793141,converged,0.059871,0.017385,2.7e-05,0.078332,1,1,8.189e-17,4.441e-16,1.978e-17,0.00785119746719093,converged,0.026623,0.000817,2.9e-05,0.028517,1,1,5.619e-06,4.554e-06,1.208e-06,0.02156608338885577,converged,0.001056,0.000601,1.7e-05,0.002723,1,1,4.495e-06,3.643e-06,9.666e-07,0.22585383767903047
44,ex44.py,6,4097,12289,0.000947,0.00122,1e-05,5000,converged,2e-06,0.024979,3e-05,0.026232,1,1,1.405e-06,1.138e-06,3.022e-07,0.03610094541018603,converged,0.025579,0.000641,2.5e-05,0.027466,1,1,1.405e-06,1.138e-06,3.022e-07,0.034478992208548755,converged,0.078964,0.034098,3e-05,0.114312,1,1,7.647e-17,4.441e-16,1.734e-17,0.00828434460074183,converged,0.027141,0.000861,3.9e-05,0.029261,1,1,1.405e-06,1.138e-06,3.022e-07,0.03236389733775333,converged,0.001171,0.000663,2.1e-05,0.003074,1,1,1.124e-06,9.107e-07,2.417e-07,0.308067664281067
44,ex44.py,7,8193,24577,0.001714,0.001144,1e-05,5000,converged,2e-06,0.024783,3.3e-05,0.025962,1,1,3.512e-07,2.846e-07,7.555e-08,0.06601956705954858,converged,0.024055,0.000603,3.3e-05,0.025834,1,1,3.512e-07,2.846e-07,7.555e-08,0.06634667492451808,converged,0.110943,0.067407,3.3e-05,0.179527,1,1,8.123e-17,4.441e-16,1.753e-17,0.009547310432414066,converged,0.026517,0.000836,5.6e-05,0.028554,1,1,3.512e-07,2.846e-07,7.555e-08,0.060026616235903905,converged,0.001257,0.000637,2.9e-05,0.003068,1,1,2.81e-07,2.277e-07,6.044e-08,0.5586701434159062
44,ex44.py,8,16385,49153,0.003931,0.001278,1e-05,5000,converged,3e-06,0.022783,5.4e-05,0.024118,1,1,8.781e-08,7.115e-08,1.889e-08,0.16299029770296042,converged,0.030913,0.001136,7.1e-05,0.033398,1,1,8.781e-08,7.115e-08,1.889e-08,0.117701658781963,converged,0.166439,0.103059,8.3e-05,0.270859,1,1,8.013e-17,4.441e-16,1.787e-17,0.014513086144451539,converged,0.033431,0.001552,0.000171,0.036432,1,1,8.781e-08,7.115e-08,1.889e-08,0.10789964866051822,converged,0.001493,0.000804,6.3e-05,0.003638,1,1,7.024e-08,5.692e-08,1.511e-08,1.0805387575590983
44,ex44.py,9,32769,98305,0.008335,0.001221,1e-05,5000,converged,2e-06,0.022245,7.9e-05,0.023548,1,1,2.195e-08,1.779e-08,4.722e-09,0.35395787328010875,converged,0.035083,0.000949,0.00013,0.037383,1,1,2.195e-08,1.779e-08,4.722e-09,0.2229623090709681,converged,0.298499,0.20482,0.000133,0.504674,1,1,7.846e-17,4.441e-16,1.742e-17,0.016515612058477357,converged,0.035983,0.001224,0.000293,0.038722,1,1,2.195e-08,1.779e-08,4.722e-09,0.21525231134755438,converged,0.001302,0.000939,0.000125,0.003588,1,1,1.756e-08,1.423e-08,3.778e-09,2.323021181716834
44,ex44.py,10,65537,196609,0.016708,0.002334,1e-05,5000,converged,2e-06,0.023996,0.000208,0.026539,1,1,5.488e-09,4.447e-09,1.181e-09,0.6295640378311165,converged,0.029995,0.001084,0.000206,0.033619,1,1,5.488e-09,4.447e-09,1.181e-09,0.49698087391058626,converged,0.499284,0.411113,0.000412,0.913143,1,1,8.052e-17,4.441e-16,1.752e-17,0.018297243695675265,converged,0.034088,0.001608,0.000551,0.038581,1,1,5.488e-09,4.447e-09,1.181e-09,0.433062906612063,converged,0.001405,0.000894,0.000228,0.004861,1,1,4.39e-09,3.558e-09,9.445e-10,3.437152849207982
44,ex44.py,11,131073,393217,0.034647,0.003926,1e-05,5000,converged,2e-06,0.023383,0.000458,0.027769,1,1,1.372e-09,1.112e-09,2.952e-10,1.24768626886096,converged,0.029851,0.001179,0.00041,0.035366,1,1,1.372e-09,1.112e-09,2.952e-10,0.9796697392976303,converged,0.938824,0.817163,0.000734,1.760647,1,1,2.187e-16,6.661e-16,4.157e-17,0.019678561347050257,converged,0.034282,0.001516,0.000832,0.040556,1,1,1.372e-09,1.112e-09,2.952e-10,0.8543002268468289,converged,0.00137,0.00088,0.000251,0.006427,1,1,1.098e-09,8.894e-10,2.361e-10,5.390851096934806
44,ex44.py,12,262145,786433,0.074582,0.00727,1e-05,5000,converged,3e-06,0.020827,0.000862,0.028962,1,1,3.43e-10,2.779e-10,7.379e-11,2.575167460810717,converged,0.04482,0.004032,0.000607,0.056729,1,1,3.43e-10,2.779e-10,7.379e-11,1.3147067637363605,converged,1.823328,1.641366,0.001285,3.473249,1,1,2.174e-16,7.772e-16,4.133e-17,0.021473266097535765,converged,0.033702,0.00164,0.001678,0.044289,1,1,3.43e-10,2.779e-10,7.379e-11,1.6839847366163154,converged,0.001457,0.000903,0.000437,0.010066,1,1,2.744e-10,2.224e-10,5.903e-11,7.409298629048281
44,ex44.py,13,524289,1572865,0.153947,0.01385,1e-05,5000,converged,3e-06,0.015615,0.000708,0.030176,1,1,8.575e-11,6.949e-11,1.845e-11,5.101637062566278,converged,0.045888,0.001295,0.001865,0.062897,1,1,8.575e-11,6.949e-11,1.845e-11,2.447604814220074,converged,3.621076,3.32002,0.002334,6.95728,1,1,8.033e-17,4.441e-16,1.745e-17,0.022127469355840215,converged,0.032696,0.002076,0.002497,0.051118,1,1,8.575e-11,6.949e-11,1.845e-11,3.011600610352518,converged,0.001602,0.001202,0.000797,0.017451,1,1,6.86e-11,5.559e-11,1.476e-11,8.821672110480774
44,ex44.py,14,1048577,3145729,0.371717,0.024844,1e-05,5000,converged,2e-06,0.015402,0.00138,0.041628,1,1,2.144e-11,1.737e-11,4.612e-12,8.929494570961854,converged,0.028384,0.001822,0.003575,0.058625,1,1,2.144e-11,1.737e-11,4.612e-12,6.340588486140725,converged,7.276947,6.747852,0.001807,14.05145,1,1,2.177e-16,7.772e-16,4.165e-17,0.026453995850962,converged,0.027934,0.002782,0.004019,0.059579,1,1,2.144e-11,1.737e-11,4.612e-12,6.239060742879203,converged,0.002356,0.002489,0.001478,0.031168,1,1,1.715e-11,1.39e-11,3.69e-12,11.926238449691992
44,ex44.py,15,2097153,6291457,0.735794,0.044113,1e-05,5000,converged,3e-06,0.020034,0.003558,0.067707,1,1,5.359e-12,6.944e-12,1.153e-12,10.867325387330704,converged,0.030905,0.003718,0.004675,0.083412,1,1,5.359e-12,4.343e-12,1.153e-12,8.821200786457583,converged,14.708318,13.663239,0.002852,28.418522,1,1,7.914e-17,5.551e-16,1.751e-17,0.025891353533445544,converged,0.034999,0.005333,0.002882,0.087327,1,1,5.359e-12,4.343e-12,1.153e-12,8.425733163855393,converged,0.006613,0.006946,0.002947,0.060619,1,1,4.287e-12,3.475e-12,9.224e-13,12.138009534964285
44,ex44.py,16,4194305,12582913,1.57116,0.078907,1e-05,5000,converged,2e-06,0.026285,0.00624,0.111435,1,1,1.34e-12,6.944e-12,2.883e-13,14.099340422667922,converged,0.035488,0.008092,0.007776,0.130263,1,1,1.34e-12,1.086e-12,2.882e-13,12.061444922963544,converged,29.296563,27.324434,0.005093,56.704997,1,1,8.073e-17,5.551e-16,1.754e-17,0.027707611024121913,converged,0.052437,0.011249,0.007773,0.150366,1,1,1.34e-12,1.086e-12,2.882e-13,10.448904672598857,converged,0.014846,0.016815,0.005197,0.115765,1,1,1.072e-12,8.688e-13,2.306e-13,13.571977713471254
47,ex47.py,1,20,58,0.000267,0.001275,1e-05,5000,converged,2e-06,0.025598,1.5e-05,0.026891,1,9,6.13e-06,0.0008286,0.0001173,0.009928972518686548,converged,0.024561,0.001253,1.4e-05,0.027104,1,6,8.725e-06,0.001134,0.000173,0.009850944510035419,converged,0.043871,0.000819,1.4e-05,0.045979,1,1,6.58e-17,3.553e-15,7.827e-16,0.005806998847299854,converged,0.026792,0.001315,1.4e-05,0.029395,1,3,1.548e-06,0.0001163,2.131e-05,0.00908317741112434,converged,0.001214,0.001293,1.3e-05,0.003796,1,3,1.043e-06,4.851e-05,1.961e-05,0.07033719704952582
47,ex47.py,2,39,115,0.000285,0.001076,1e-05,5000,converged,1e-06,0.025744,1.5e-05,0.026835,1,9,4.458e-06,0.0008792,6.495e-05,0.010620458356623811,converged,0.025678,0.00131,1.5e-05,0.028078,1,6,3.051e-06,0.0005769,4.881e-05,0.010150295605100078,converged,0.04238,0.000908,1.5e-05,0.044379,1,1,8.69e-17,1.066e-14,2.138e-15,0.006421956330696951,converged,0.025569,0.001272,1.4e-05,0.027931,1,3,4.657e-07,3.401e-05,6.782e-06,0.01020371630088432,converged,0.001075,0.001231,1.5e-05,0.003396,1,3,3.679e-07,2.329e-05,6.281e-06,0.08392226148409894
47,ex47.py,3,58,172,0.00027,0.001161,1e-05,5000,converged,2e-06,0.025396,1.6e-05,0.026576,1,9,3.653e-06,0.0008914,4.469e-05,0.010159542444310657,converged,0.024177,0.001127,1.6e-05,0.026481,1,5,6.179e-06,0.001448,8.531e-05,0.010195989577432877,converged,0.043154,0.00104,1.6e-05,0.04537,1,1,2.211e-16,1.421e-14,3.677e-15,0.005951068988318272,converged,0.025822,0.001721,1.6e-05,0.02872,1,4,2.912e-07,7.274e-05,4.671e-06,0.009401114206128134,converged,0.001076,0.001232,1.6e-05,0.003485,1,3,2.011e-07,1.516e-05,3.08e-06,0.07747489239598279
47,ex47.py,4,77,229,0.000282,0.001125,1e-05,5000,converged,1e-06,0.025354,1.6e-05,0.026497,1,9,3.168e-06,0.0008969,3.398e-05,0.010642714269539949,converged,0.024118,0.00118,1.6e-05,0.026439,1,5,4.011e-06,0.001093,4.902e-05,0.010666061500056735,converged,0.04355,0.001206,1.5e-05,0.045896,1,1,7.126e-17,7.105e-15,1.556e-15,0.006144326302945791,converged,0.025439,0.00128,1.5e-05,0.027859,1,3,5.111e-07,6.611e-05,6.425e-06,0.010122402096270506,converged,0.001002,0.000856,1.4e-05,0.002997,1,2,7.597e-06,0.0009863,0.0001046,0.0940940940940941
47,ex47.py,5,96,286,0.000295,0.001163,1e-05,5000,converged,2e-06,0.025099,1.5e-05,0.02628,1,9,2.835e-06,0.0009001,2.738e-05,0.011225266362252663,converged,0.024395,0.001199,1.7e-05,0.026774,1,5,2.869e-06,0.0008777,3.178e-05,0.011018151938447749,converged,0.043087,0.001338,1.5e-05,0.045603,1,1,8.879e-17,1.421e-14,1.645e-15,0.00646887266188628,converged,0.025188,0.001241,1.5e-05,0.027607,1,3,3.641e-07,5.495e-05,4.217e-06,0.010685695656898614,converged,0.001051,0.000842,1.4e-05,0.00307,1,2,5.46e-06,0.000802,6.88e-05,0.0960912052117264
47,ex47.py,6,115,343,0.000223,0.001044,1e-05,5000,converged,2e-06,0.024818,1.7e-05,0.025881,1,8,9.665e-06,0.003367,8.555e-05,0.008616359491518875,converged,0.025208,0.001044,1.6e-05,0.027312,1,4,8.09e-06,0.002722,8.441e-05,0.008164909197422379,converged,0.04483,0.001604,1.7e-05,0.047495,1,1,7.984e-17,1.421e-14,2.185e-15,0.004695231076955469,converged,0.027253,0.001667,1.6e-05,0.029979,1,4,2.348e-08,7.608e-06,3.834e-07,0.00743854031155142,converged,0.001037,0.000909,1.4e-05,0.003004,1,2,4.166e-06,0.0006757,4.867e-05,0.07423435419440745
47,ex47.py,7,134,400,0.000297,0.001119,1e-05,5000,converged,2e-06,0.026309,1.7e-05,0.027446,1,8,8.95e-06,0.003372,7.354e-05,0.0108212489980325,converged,0.023954,0.001022,1.8e-05,0.026112,1,4,6.419e-06,0.002338,6.233e-05,0.011374080882352942,converged,0.043892,0.00164,1.7e-05,0.046667,1,1,9.193e-17,1.421e-14,2.427e-15,0.006364240255426747,converged,0.025738,0.001308,1.7e-05,0.028182,1,3,3.353e-07,6.308e-05,3.441e-06,0.010538641686182671,converged,0.001059,0.00086,1.5e-05,0.003053,1,2,3.314e-06,0.0005837,3.623e-05,0.09728136259416967
47,ex47.py,8,153,457,0.000297,0.001044,1e-05,5000,converged,2e-06,0.024968,1.7e-05,0.026031,1,8,8.374e-06,0.003376,6.448e-05,0.011409473320271984,converged,0.025436,0.001041,1.6e-05,0.027539,1,4,5.254e-06,0.002048,4.79e-05,0.010784705326990813,converged,0.044935,0.001961,1.9e-05,0.047959,1,1,8.502e-17,1.066e-14,1.677e-15,0.006192789674513647,converged,0.027079,0.001925,2.2e-05,0.03007,1,5,2.171e-08,4.426e-06,2.112e-07,0.009876953774526106,converged,0.001095,0.000893,1.5e-05,0.003047,1,2,2.717e-06,0.0005138,2.802e-05,0.09747292418772564
47,ex47.py,9,172,514,0.000321,0.001072,1e-05,5000,converged,2e-06,0.025799,1.9e-05,0.026892,1,8,7.896e-06,0.003379,5.74e-05,0.011936635430611334,converged,0.025357,0.001125,1.7e-05,0.02757,1,4,4.403e-06,0.001823,3.796e-05,0.011643090315560392,converged,0.045493,0.002079,1.6e-05,0.04866,1,1,9.796e-17,1.421e-14,1.658e-15,0.006596794081381011,converged,0.027649,0.001312,2.1e-05,0.030055,1,3,1.352e-06,0.0002984,1.248e-05,0.010680419231409085,converged,0.001094,0.0009,1.5e-05,0.003081,1,2,2.28e-06,0.0004589,2.234e-05,0.10418695228821812
47,ex47.py,10,191,571,0.00033,0.00121,1e-05,5000,converged,2e-06,0.025812,1.7e-05,0.02704,1,8,7.492e-06,0.003381,5.173e-05,0.01220414201183432,converged,0.024365,0.001052,1.7e-05,0.026644,1,4,3.759e-06,0.001642,3.082e-05,0.012385527698543761,converged,0.045225,0.002386,2.2e-05,0.048842,1,1,9.182e-17,7.105e-15,1.433e-15,0.0067564800786208586,converged,0.031835,0.001784,2.6e-05,0.034855,1,3,2.811e-07,6.55e-05,2.498e-06,0.009467795151341272,converged,0.001389,0.001079,2.3e-05,0.0037,1,2,1.949e-06,0.0004145,1.822e-05,0.08918918918918918
47,ex47.py,11,210,628,0.000328,0.001048,1e-05,5000,converged,2e-06,0.023943,1.8e-05,0.025011,1,8,7.144e-06,0.003383,4.707e-05,0.013114229738914879,converged,0.02507,0.00101,1.7e-05,0.027144,1,4,3.259e-06,0.001494,2.552e-05,0.012083701738874152,converged,0.041281,0.00234,1.8e-05,0.044686,1,1,9.991e-17,1.421e-14,1.904e-15,0.00734010652105805,converged,0.026806,0.001589,1.8e-05,0.029461,1,4,4.416e-07,0.0001454,1.124e-05,0.011133362750755235,converged,0.001073,0.000883,1.7e-05,0.00302,1,2,1.691e-06,0.000378,1.515e-05,0.1086092715231788
47,ex47.py,12,229,685,0.000341,0.00106,1e-05,5000,converged,3e-06,0.025983,1.7e-05,0.027063,1,8,6.84e-06,0.003385,4.318e-05,0.012600229095074456,converged,0.024985,0.001082,1.8e-05,0.027146,1,4,2.86e-06,0.00137,2.148e-05,0.012561703381713696,converged,0.045579,0.002604,1.7e-05,0.04926,1,1,9.446e-17,1.421e-14,1.958e-15,0.006922452293950467,converged,0.02834,0.001331,1.8e-05,0.03075,1,3,3.294e-07,8.516e-05,2.701e-06,0.011089430894308944,converged,0.001056,0.000852,1.5e-05,0.002982,1,2,1.485e-06,0.0003474,1.279e-05,0.11435278336686788
47,ex47.py,13,248,742,0.000337,0.001154,1e-05,5000,converged,2e-06,0.023898,1.6e-05,0.02507,1,8,6.572e-06,0.003386,3.989e-05,0.013442361388113284,converged,0.023951,0.000875,1.7e-05,0.025997,1,3,9.056e-06,0.004572,6.798e-05,0.012963034196253415,converged,0.043897,0.002746,1.7e-05,0.047814,1,1,1.698e-16,2.132e-14,2.573e-15,0.007048144894800686,converged,0.025523,0.001248,1.7e-05,0.027941,1,3,2.487e-07,6.731e-05,1.972e-06,0.012061128807129309,converged,0.001052,0.000885,1.5e-05,0.003106,1,2,1.318e-06,0.0003213,1.094e-05,0.1084996780424984
47,ex47.py,14,267,799,0.000374,0.001048,1e-05,5000,converged,3e-06,0.025909,1.6e-05,0.026976,1,8,6.333e-06,0.003387,3.706e-05,0.013864175563463818,converged,0.024596,0.000904,1.7e-05,0.026565,1,3,8.103e-06,0.004247,5.867e-05,0.014078674948240166,converged,0.043986,0.00292,1.7e-05,0.04797,1,1,9.766e-17,1.066e-14,1.747e-15,0.007796539503856577,converged,0.026032,0.001718,1.9e-05,0.028817,1,4,4.759e-09,2.451e-06,4.438e-08,0.01297845022035604,converged,0.001225,0.000963,1.5e-05,0.003251,1,2,1.18e-06,0.0002989,9.47e-06,0.11504152568440479
47,ex47.py,15,286,856,0.000402,0.001042,1e-05,5000,converged,2e-06,0.026033,1.7e-05,0.027095,1,8,6.119e-06,0.003388,3.46e-05,0.01483668573537553,converged,0.025369,0.000934,1.8e-05,0.027362,1,3,7.307e-06,0.003965,5.115e-05,0.014691908486221768,converged,0.046374,0.003078,1.7e-05,0.050511,1,1,1.998e-16,2.132e-14,3.126e-15,0.007958662469561086,converged,0.027464,0.001405,1.9e-05,0.02993,1,3,2.401e-07,7.041e-05,1.786e-06,0.013431339792849984,converged,0.001299,0.000954,1.8e-05,0.003313,1,2,1.064e-06,0.0002795,8.275e-06,0.12134017506791428
47,ex47.py,16,305,913,0.000392,0.001119,1e-05,5000,converged,2e-06,0.024114,1.7e-05,0.025252,1,8,5.925e-06,0.003389,3.245e-05,0.015523522889276097,converged,0.023861,0.000884,1.8e-05,0.025882,1,3,6.632e-06,0.003719,4.499e-05,0.015145661077196507,converged,0.041822,0.003224,1.8e-05,0.046183,1,1,1.867e-16,2.132e-14,3.47e-15,0.008487971764502089,converged,0.025074,0.001634,1.7e-05,0.027844,1,4,5.95e-06,0.0007687,0.0001734,0.014078437006177273,converged,0.00105,0.000884,1.4e-05,0.003067,1,2,9.666e-07,0.0002624,7.292e-06,0.12781219432670363
47,ex47.py,17,324,970,0.000396,0.001138,1e-05,5000,converged,2e-06,0.024527,1.6e-05,0.025684,1,8,5.748e-06,0.00339,3.056e-05,0.01541815916523906,converged,0.025687,0.000913,2e-05,0.027758,1,3,6.056e-06,0.003501,3.987e-05,0.014266157504142948,converged,0.046507,0.003542,1.8e-05,0.051205,1,1,8.842e-17,1.421e-14,2.213e-15,0.007733619763694951,converged,0.027786,0.001438,2.4e-05,0.030387,1,3,1.032e-06,0.0003269,7.197e-06,0.013031888636588013,converged,0.001229,0.000956,1.5e-05,0.003337,1,2,8.829e-07,0.0002472,6.477e-06,0.11866946359005093
47,ex47.py,18,343,1027,0.000481,0.001121,1e-05,5000,converged,2e-06,0.025637,1.7e-05,0.026778,1,8,5.586e-06,0.00339,2.887e-05,0.017962506535215476,converged,0.023982,0.000913,1.8e-05,0.026034,1,3,5.558e-06,0.003308,3.559e-05,0.018475839287086116,converged,0.045088,0.003583,1.7e-05,0.04981,1,1,9.703e-17,1.421e-14,1.838e-15,0.009656695442682191,converged,0.026159,0.001365,2.2e-05,0.028668,1,3,2.16e-07,7.001e-05,1.478e-06,0.016778289381889213,converged,0.001239,0.000915,1.6e-05,0.003292,1,2,8.106e-07,0.0002338,5.791e-06,0.14611178614823817
47,ex47.py,19,362,1084,0.000423,0.001116,1e-05,5000,converged,2e-06,0.026094,1.7e-05,0.02723,1,8,5.438e-06,0.003391,2.736e-05,0.015534337128167462,converged,0.025002,0.00089,1.7e-05,0.027026,1,3,5.125e-06,0.003134,3.195e-05,0.015651594760600903,converged,0.047244,0.00385,1.7e-05,0.052228,1,1,1.002e-16,1.776e-14,1.894e-15,0.008099103928927013,converged,0.027541,0.001717,1.8e-05,0.030392,1,4,2.995e-07,0.0001023,8.113e-06,0.013918136351671492,converged,0.001092,0.000897,1.5e-05,0.00312,1,2,7.477e-07,0.0002217,5.209e-06,0.13557692307692307
47,ex47.py,20,381,1141,0.000372,0.001018,1e-05,5000,converged,2e-06,0.025966,1.7e-05,0.027004,1,8,5.3e-06,0.003392,2.599e-05,0.013775736927862539,converged,0.025439,0.00092,1.9e-05,0.027395,1,3,4.745e-06,0.002978,2.885e-05,0.013579120277422887,converged,0.047359,0.003914,1.9e-05,0.052309,1,1,9.091e-17,1.066e-14,1.578e-15,0.007111586916209447,converged,0.028336,0.001856,2.4e-05,0.031233,1,3,2.607e-07,8.957e-05,1.697e-06,0.011910479300739601,converged,0.001273,0.000991,1.7e-05,0.003299,1,2,6.925e-07,0.0002108,4.71e-06,0.11276144286147317
47,ex47.py,21,400,1198,0.000468,0.001131,1e-05,5000,converged,2e-06,0.024879,1.7e-05,0.026029,1,8,5.172e-06,0.003392,2.476e-05,0.017979945445464673,converged,0.024663,0.000916,1.8e-05,0.026728,1,3,4.411e-06,0.002837,2.618e-05,0.017509727626459144,converged,0.045342,0.003956,2e-05,0.050449,1,1,9.131e-17,1.421e-14,1.675e-15,0.009276695276417769,converged,0.026831,0.001259,2.1e-05,0.029242,1,3,2e-07,7.049e-05,1.275e-06,0.016004377265576908,converged,0.001004,0.000921,1.5e-05,0.003071,1,2,6.438e-07,0.0002009,4.279e-06,0.15239335721263433
47,ex47.py,22,419,1255,0.000429,0.001052,1e-05,5000,converged,2e-06,0.025624,1.7e-05,0.026695,1,8,5.054e-06,0.003392,2.364e-05,0.016070425173253418,converged,0.025248,0.000888,1.6e-05,0.027204,1,3,4.113e-06,0.002709,2.386e-05,0.015769739744155273,converged,0.046868,0.004161,1.8e-05,0.052099,1,1,8.793e-17,1.421e-14,2.002e-15,0.008234323115606826,converged,0.027263,0.00156,2.2e-05,0.029897,1,3,9.641e-06,0.003482,8.572e-05,0.01434926581262334,converged,0.001152,0.000921,1.7e-05,0.003142,1,2,6.005e-07,0.0001919,3.905e-06,0.13653723742838958
47,ex47.py,23,438,1312,0.00044,0.00112,1e-05,5000,converged,2e-06,0.024351,1.7e-05,0.025489,1,8,4.943e-06,0.003393,2.262e-05,0.01726234846404331,converged,0.031468,0.00092,1.8e-05,0.033525,1,3,3.848e-06,0.002591,2.184e-05,0.013124533929903058,converged,0.044835,0.004398,1.8e-05,0.050371,1,1,1.384e-16,2.132e-14,2.634e-15,0.008735184927835461,converged,0.0269,0.001436,2.2e-05,0.029477,1,3,1.966e-07,7.276e-05,1.201e-06,0.014926892153204193,converged,0.0013,0.00093,1.5e-05,0.003364,1,2,5.619e-07,0.0001837,3.578e-06,0.13079667063020214
47,ex47.py,24,457,1369,0.00067,0.001262,1e-05,5000,converged,2e-06,0.026042,1.7e-05,0.027323,1,8,4.839e-06,0.003393,2.168e-05,0.024521465432053583,converged,0.024664,0.000922,1.8e-05,0.026866,1,3,3.61e-06,0.002484,2.006e-05,0.024938584083972308,converged,0.046115,0.004638,1.7e-05,0.052032,1,1,8.839e-17,1.421e-14,1.72e-15,0.01287669126691267,converged,0.026529,0.001662,2.3e-05,0.029475,1,4,3.988e-06,0.0005202,0.0001165,0.022731128074639523,converged,0.001072,0.000896,1.5e-05,0.003245,1,2,5.273e-07,0.0001762,3.291e-06,0.20647149460708783
47,ex47.py,25,476,1426,0.00046,0.001159,1e-05,5000,converged,2e-06,0.025998,1.7e-05,0.027176,1,8,4.741e-06,0.003394,2.081e-05,0.01692670002943774,converged,0.025687,0.000926,1.8e-05,0.027789,1,3,3.395e-06,0.002385,1.85e-05,0.016553312461765446,converged,0.047819,0.004758,1.8e-05,0.053754,1,1,1.049e-16,2.132e-14,1.63e-15,0.008557502697473676,converged,0.02758,0.001623,2.6e-05,0.030388,1,3,8.657e-07,0.0003375,5.047e-06,0.015137554297749113,converged,0.001266,0.00098,1.7e-05,0.003422,1,2,4.96e-07,0.0001692,3.036e-06,0.13442431326709525
47,ex47.py,26,495,1483,0.000445,0.001003,1e-05,5000,converged,2e-06,0.025521,1.6e-05,0.026543,1,8,4.649e-06,0.003394,2.002e-05,0.016765248841502465,converged,0.024188,0.000905,1.8e-05,0.026114,1,3,3.201e-06,0.002293,1.711e-05,0.017040667841004824,converged,0.046242,0.004794,2e-05,0.052059,1,1,1.045e-16,2.132e-14,1.781e-15,0.008547993622620488,converged,0.02617,0.00133,2.1e-05,0.028524,1,3,1.818e-07,7.182e-05,1.048e-06,0.015600897489833121,converged,0.001051,0.000863,1.5e-05,0.002932,1,2,4.678e-07,0.0001628,2.811e-06,0.15177353342428376
47,ex47.py,27,514,1540,0.000456,0.001065,1e-05,5000,converged,2e-06,0.026239,1.7e-05,0.027324,1,8,4.562e-06,0.003394,1.928e-05,0.01668862538427756,converged,0.02593,0.00076,1.7e-05,0.027772,1,2,9.483e-06,0.007598,5.064e-05,0.01641941523836958,converged,0.047811,0.004992,1.8e-05,0.053887,1,1,9.604e-17,1.421e-14,1.795e-15,0.008462152281626367,converged,0.02856,0.001672,2.1e-05,0.031319,1,4,2.239e-07,7.762e-05,6.216e-06,0.014559851847121557,converged,0.001092,0.000932,1.5e-05,0.003104,1,2,4.421e-07,0.0001568,2.609e-06,0.14690721649484537
47,ex47.py,28,533,1597,0.000453,0.001136,1e-05,5000,converged,2e-06,0.024983,1.7e-05,0.026139,1,8,4.48e-06,0.003394,1.859e-05,0.017330425800527946,converged,0.024465,0.000699,1.8e-05,0.026318,1,2,8.98e-06,0.007327,4.71e-05,0.01721255414545178,converged,0.046626,0.005132,1.8e-05,0.052912,1,1,8.717e-17,1.421e-14,1.569e-15,0.00856138494103417,converged,0.026396,0.001463,2.7e-05,0.029023,1,3,2.224e-07,9.15e-05,1.235e-06,0.015608310650174,converged,0.001152,0.001053,1.7e-05,0.003359,1,2,4.187e-07,0.0001513,2.428e-06,0.13486156594224472
47,ex47.py,29,552,1654,0.000487,0.001166,1e-05,5000,converged,2e-06,0.025245,2e-05,0.026433,1,8,4.402e-06,0.003395,1.795e-05,0.01842393977225438,converged,0.02456,0.000739,1.8e-05,0.026484,1,2,8.519e-06,0.007075,4.391e-05,0.01838846095755928,converged,0.046695,0.005294,1.7e-05,0.053172,1,1,1.029e-16,1.066e-14,1.923e-15,0.009158955841420298,converged,0.026468,0.001283,2e-05,0.028938,1,3,1.719e-07,7.197e-05,9.407e-07,0.016829082866818716,converged,0.001079,0.000923,1.5e-05,0.003183,1,2,3.973e-07,0.0001461,2.266e-06,0.15300031416902293
47,ex47.py,30,571,1711,0.000486,0.0012,1e-05,5000,converged,2e-06,0.025474,1.8e-05,0.026693,1,8,4.328e-06,0.003395,1.736e-05,0.0182070205671899,converged,0.025596,0.000773,1.9e-05,0.027588,1,2,8.097e-06,0.00684,4.104e-05,0.017616354936929098,converged,0.048188,0.005439,1.8e-05,0.054845,1,1,9.12e-17,1.421e-14,2.14e-15,0.008861336493755128,converged,0.028705,0.001394,2.3e-05,0.031322,1,3,8.164e-06,0.003371,7.912e-05,0.015516250558712724,converged,0.001089,0.0009,1.5e-05,0.003203,1,2,3.776e-07,0.0001413,2.119e-06,0.1517327505463628
47,ex47.py,31,590,1768,0.000458,0.001057,1e-05,5000,converged,2e-06,0.025843,1.8e-05,0.026919,1,8,4.258e-06,0.003395,1.68e-05,0.017014004977896655,converged,0.024887,0.00077,1.8e-05,0.026732,1,2,7.708e-06,0.00662,3.844e-05,0.017133024090977108,converged,0.047725,0.005702,1.8e-05,0.054502,1,1,1.108e-16,1.421e-14,1.953e-15,0.008403361344537815,converged,0.026292,0.001319,2.4e-05,0.028691,1,3,1.705e-07,7.397e-05,9.038e-07,0.01596319403297201,converged,0.001045,0.000871,1.5e-05,0.002987,1,2,3.595e-07,0.0001368,1.986e-06,0.1533311014395715
47,ex47.py,32,609,1825,0.0005,0.001144,1e-05,5000,converged,2e-06,0.024617,1.8e-05,0.02578,1,8,4.191e-06,0.003395,1.627e-05,0.019394879751745538,converged,0.024633,0.000716,1.8e-05,0.026511,1,2,7.35e-06,0.006414,3.608e-05,0.01886009580928671,converged,0.046778,0.005763,2e-05,0.053705,1,1,8.189e-17,1.421e-14,1.503e-15,0.009310120100549296,converged,0.026987,0.001697,2.5e-05,0.029853,1,4,2.999e-06,0.0003949,8.77e-05,0.016748735470471978,converged,0.001185,0.000961,1.5e-05,0.003305,1,2,3.428e-07,0.0001326,1.865e-06,0.15128593040847202
47,ex47.py,33,628,1882,0.000446,0.001159,1e-05,5000,converged,2e-06,0.026072,1.8e-05,0.027251,1,8,4.127e-06,0.003395,1.578e-05,0.016366371876261422,converged,0.025295,0.0008,1.9e-05,0.027273,1,2,7.018e-06,0.00622,3.393e-05,0.016353169801635318,converged,0.050374,0.005903,2e-05,0.057456,1,1,9.007e-17,1.066e-14,1.61e-15,0.0077624617098301305,converged,0.028365,0.00139,2.3e-05,0.030938,1,3,7.6e-07,0.0003431,3.885e-06,0.014415928631456462,converged,0.00108,0.000912,1.6e-05,0.003166,1,2,3.274e-07,0.0001286,1.755e-06,0.1408717624763108
47,ex47.py,34,647,1939,0.000519,0.001383,1e-05,5000,converged,2e-06,0.025877,2e-05,0.027282,1,8,4.066e-06,0.003396,1.532e-05,0.0190235319991203,converged,0.024622,0.000746,1.8e-05,0.026769,1,2,6.711e-06,0.006037,3.197e-05,0.019388098173260114,converged,0.047303,0.005993,1.8e-05,0.054696,1,1,9.334e-17,1.421e-14,1.906e-15,0.009488810881965775,converged,0.025956,0.001331,2.3e-05,0.028693,1,3,1.599e-07,7.283e-05,8.11e-07,0.01808803540933329,converged,0.00106,0.000895,1.4e-05,0.003352,1,2,3.131e-07,0.0001249,1.654e-06,0.1548329355608592
47,ex47.py,35,666,1996,0.000496,0.001315,1e-05,5000,converged,2e-06,0.025013,1.7e-05,0.026347,1,8,4.007e-06,0.003396,1.488e-05,0.018825672752115993,converged,0.023939,0.000701,1.8e-05,0.025972,1,2,6.425e-06,0.005865,3.017e-05,0.019097489604189128,converged,0.047913,0.006207,1.8e-05,0.055453,1,1,9.683e-17,1.421e-14,1.683e-15,0.008944511568355183,converged,0.026362,0.001709,3e-05,0.029415,1,4,1.783e-07,6.23e-05,5.016e-06,0.016862145164031957,converged,0.001476,0.001014,1.7e-05,0.003822,1,2,2.998e-07,0.0001213,1.562e-06,0.12977498691784406
47,ex47.py,36,685,2053,0.000528,0.001228,1e-05,5000,converged,2e-06,0.024549,1.7e-05,0.025795,1,8,3.951e-06,0.003396,1.447e-05,0.02046908315565032,converged,0.023671,0.000749,1.8e-05,0.025666,1,2,6.16e-06,0.005702,2.852e-05,0.020571962908127486,converged,0.045707,0.00634,1.8e-05,0.053292,1,1,8.973e-17,1.421e-14,1.789e-15,0.00990767845079937,converged,0.02505,0.00133,2.4e-05,0.027632,1,3,1.971e-07,9.259e-05,9.709e-07,0.019108280254777073,converged,0.001042,0.000886,1.5e-05,0.003171,1,2,2.874e-07,0.000118,1.477e-06,0.1665089877010407
47,ex47.py,37,704,2110,0.000506,0.001171,1e-05,5000,converged,2e-06,0.02454,1.7e-05,0.025729,1,8,3.897e-06,0.003396,1.408e-05,0.019666524155622065,converged,0.024003,0.000699,1.7e-05,0.025891,1,2,5.912e-06,0.005549,2.7e-05,0.019543470704105673,converged,0.048518,0.006592,1.7e-05,0.056299,1,1,9.305e-17,1.421e-14,1.838e-15,0.008987726247357858,converged,0.025516,0.001414,2.6e-05,0.028127,1,3,1.53e-07,7.285e-05,7.452e-07,0.017989831834180684,converged,0.001194,0.001043,1.7e-05,0.003425,1,2,2.759e-07,0.0001148,1.399e-06,0.14773722627737226
47,ex47.py,38,723,2167,0.000516,0.001053,1e-05,5000,converged,2e-06,0.026054,1.7e-05,0.027126,1,8,3.846e-06,0.003396,1.371e-05,0.0190223401902234,converged,0.025186,0.000776,1.9e-05,0.027035,1,2,5.68e-06,0.005403,2.56e-05,0.019086369520991308,converged,0.050914,0.006681,1.8e-05,0.058667,1,1,9.618e-17,2.132e-14,2.023e-15,0.008795404571564934,converged,0.027574,0.001372,2.3e-05,0.030022,1,3,7.145e-06,0.003364,7.425e-05,0.017187395909666243,converged,0.001086,0.000913,1.7e-05,0.00307,1,2,2.651e-07,0.0001118,1.327e-06,0.16807817589576546
47,ex47.py,39,742,2224,0.000538,0.001118,1e-05,5000,converged,2e-06,0.024036,1.8e-05,0.025175,1,8,3.796e-06,0.003396,1.336e-05,0.021370407149950345,converged,0.024294,0.000764,1.9e-05,0.026195,1,2,5.463e-06,0.005265,2.431e-05,0.02053827066234014,converged,0.04637,0.006769,1.9e-05,0.054277,1,1,2.214e-16,2.132e-14,3.8e-15,0.009912117471488844,converged,0.026351,0.001363,2.4e-05,0.028857,1,3,1.526e-07,7.469e-05,7.245e-07,0.0186436566517656,converged,0.001062,0.000895,1.7e-05,0.003092,1,2,2.55e-07,0.000109,1.261e-06,0.17399741267787838
47,ex47.py,40,761,2281,0.000539,0.00102,1e-05,5000,converged,2e-06,0.026516,1.8e-05,0.027556,1,8,3.748e-06,0.003397,1.303e-05,0.019560168384380894,converged,0.029663,0.000714,1.8e-05,0.031414,1,2,5.259e-06,0.005133,2.311e-05,0.017157955051887695,converged,0.049437,0.007001,1.9e-05,0.057477,1,1,1.634e-16,1.421e-14,2.75e-15,0.009377664109121909,converged,0.02729,0.001781,2.7e-05,0.030118,1,4,2.403e-06,0.0003194,7.032e-05,0.01789627465303141,converged,0.001286,0.000989,1.7e-05,0.003312,1,2,2.455e-07,0.0001063,1.199e-06,0.1627415458937198
47,ex47.py,41,780,2338,0.00053,0.001062,1e-05,5000,converged,2e-06,0.024711,1.8e-05,0.025793,1,8,3.702e-06,0.003397,1.271e-05,0.020548210754855967,converged,0.024796,0.000816,1.9e-05,0.026693,1,2,5.068e-06,0.005008,2.2e-05,0.019855392799610384,converged,0.048597,0.007156,2.2e-05,0.056837,1,1,2.271e-16,2.132e-14,3.6e-15,0.00932491158928163,converged,0.026291,0.001497,2.4e-05,0.028873,1,3,6.854e-07,0.0003464,3.159e-06,0.01835624978353479,converged,0.001148,0.000932,1.8e-05,0.003161,1,2,2.366e-07,0.0001037,1.142e-06,0.16766845934830749
47,ex47.py,42,799,2395,0.000498,0.001092,1e-05,5000,converged,2e-06,0.024802,2.1e-05,0.025916,1,8,3.658e-06,0.003397,1.241e-05,0.019215928384009876,converged,0.025567,0.000734,1.8e-05,0.027411,1,2,4.888e-06,0.004889,2.096e-05,0.01816788880376491,converged,0.049744,0.007307,1.8e-05,0.05816,1,1,9.871e-17,2.132e-14,1.885e-15,0.008562585969738652,converged,0.026235,0.001329,2.2e-05,0.028679,1,3,1.444e-07,7.345e-05,6.615e-07,0.017364622197426686,converged,0.001051,0.000528,1.5e-05,0.002687,1,1,9.762e-06,0.007145,4.317e-05,0.1853368068477856
47,ex47.py,43,818,2452,0.000534,0.001068,1e-05,5000,converged,2e-06,0.026062,1.9e-05,0.02715,1,8,3.615e-06,0.003397,1.212e-05,0.019668508287292816,converged,0.025436,0.00075,2.1e-05,0.027274,1,2,4.719e-06,0.004776,2e-05,0.019579086309305566,converged,0.05116,0.007429,1.9e-05,0.059676,1,1,9.921e-17,1.066e-14,1.742e-15,0.008948320933038406,converged,0.027654,0.001699,2.5e-05,0.030445,1,4,1.481e-07,5.197e-05,4.199e-06,0.01753982591558548,converged,0.001181,0.000584,1.6e-05,0.002849,1,1,9.424e-06,0.006979,4.12e-05,0.18743418743418744
47,ex47.py,44,837,2509,0.000543,0.001153,1e-05,5000,converged,2e-06,0.027155,1.9e-05,0.028328,1,8,3.574e-06,0.003397,1.184e-05,0.019168314035583167,converged,0.024946,0.000727,1.9e-05,0.026845,1,2,4.559e-06,0.004667,1.911e-05,0.02022723039672192,converged,0.04938,0.007651,1.8e-05,0.058202,1,1,9.38e-17,2.132e-14,1.997e-15,0.00932957630321982,converged,0.026164,0.001368,2.5e-05,0.02871,1,3,1.789e-07,9.329e-05,7.997e-07,0.018913270637408566,converged,0.001052,0.000527,1.6e-05,0.002748,1,1,9.104e-06,0.006822,3.935e-05,0.19759825327510916
47,ex47.py,45,856,2566,0.000542,0.001868,1e-05,5000,converged,3e-06,0.025374,1.7e-05,0.027262,1,8,3.534e-06,0.003397,1.158e-05,0.019881153253613084,converged,0.023757,0.000701,1.8e-05,0.026343,1,2,4.408e-06,0.004564,1.827e-05,0.020574725733591467,converged,0.049837,0.007767,1.8e-05,0.059491,1,1,1.917e-16,2.132e-14,3.063e-15,0.009110621774722225,converged,0.030879,0.001615,3.3e-05,0.034396,1,3,1.393e-07,7.341e-05,6.168e-07,0.01575764623793464,converged,0.001467,0.000677,2.3e-05,0.004036,1,1,8.803e-06,0.006671,3.763e-05,0.13429137760158572
47,ex47.py,46,875,2623,0.000564,0.001111,1e-05,5000,converged,2e-06,0.029443,2.1e-05,0.030577,1,8,3.496e-06,0.003397,1.133e-05,0.018445236615756942,converged,0.024456,0.000781,1.9e-05,0.026367,1,2,4.265e-06,0.004465,1.748e-05,0.021390374331550804,converged,0.048507,0.007924,1.9e-05,0.057561,1,1,1.133e-16,2.132e-14,2.15e-15,0.009798300932923333,converged,0.026032,0.001431,2.4e-05,0.028598,1,3,6.389e-06,0.003359,7.033e-05,0.01972165885726275,converged,0.001095,0.000551,1.6e-05,0.002773,1,1,8.517e-06,0.006527,3.602e-05,0.20338983050847462
47,ex47.py,47,894,2680,0.001218,0.001163,1e-05,5000,converged,2e-06,0.026491,1.7e-05,0.027673,1,8,3.458e-06,0.003397,1.109e-05,0.04401402088678495,converged,0.025166,0.000739,1.8e-05,0.027086,1,2,4.129e-06,0.00437,1.675e-05,0.044967880085653104,converged,0.051586,0.008138,1.9e-05,0.060905,1,1,1.026e-16,2.132e-14,2.061e-15,0.019998358098678268,converged,0.027938,0.001373,2.6e-05,0.0305,1,3,1.394e-07,7.517e-05,6.045e-07,0.03993442622950819,converged,0.001078,0.000535,1.5e-05,0.002791,1,1,8.247e-06,0.006388,3.451e-05,0.4364027230383375
47,ex47.py,48,913,2737,0.000543,0.001055,1e-05,5000,converged,2e-06,0.026017,1.8e-05,0.027093,1,8,3.422e-06,0.003397,1.086e-05,0.02004207728933673,converged,0.025643,0.000756,1.8e-05,0.027472,1,2,4.001e-06,0.004279,1.606e-05,0.01976557949912638,converged,0.052209,0.008218,1.8e-05,0.061501,1,1,9.915e-17,1.421e-14,1.84e-15,0.008829124729679191,converged,0.028078,0.001713,2.5e-05,0.030871,1,4,2.005e-06,0.0002689,5.869e-05,0.017589323313141784,converged,0.001084,0.000555,1.6e-05,0.002711,1,1,7.991e-06,0.006256,3.31e-05,0.20029509406123203
47,ex47.py,49,932,2794,0.000527,0.001116,1e-05,5000,converged,2e-06,0.0283,1.9e-05,0.029437,1,8,3.387e-06,0.003397,1.064e-05,0.01790263953527873,converged,0.0242,0.000746,1.9e-05,0.02608,1,2,3.879e-06,0.004192,1.541e-05,0.020207055214723928,converged,0.049938,0.008445,1.9e-05,0.059518,1,1,1.015e-16,2.132e-14,2.126e-15,0.008854464195705502,converged,0.026165,0.001347,2.4e-05,0.028652,1,3,6.291e-07,0.0003487,2.665e-06,0.018393131369537904,converged,0.001057,0.000531,1.7e-05,0.00272,1,1,7.748e-06,0.006129,3.176e-05,0.19375
47,ex47.py,50,951,2851,0.000511,0.001131,1e-05,5000,converged,2e-06,0.02596,1.8e-05,0.027111,1,8,3.353e-06,0.003397,1.043e-05,0.018848437903434028,converged,0.025302,0.000772,1.9e-05,0.027224,1,2,3.763e-06,0.004108,1.48e-05,0.018770202762268585,converged,0.05181,0.008573,1.8e-05,0.061532,1,1,9.569e-17,1.421e-14,1.393e-15,0.008304621985308456,converged,0.027412,0.001472,2.6e-05,0.030042,1,3,1.327e-07,7.388e-05,5.585e-07,0.017009520005325875,converged,0.001126,0.000556,1.8e-05,0.002832,1,1,7.517e-06,0.006007,3.051e-05,0.18043785310734461
47,ex47.py,51,970,2908,0.000534,0.001158,1e-05,5000,converged,2e-06,0.024948,1.9e-05,0.026127,1,8,3.32e-06,0.003398,1.022e-05,0.020438626708003213,converged,0.025646,0.000741,1.9e-05,0.027564,1,2,3.653e-06,0.004028,1.423e-05,0.019373095341750107,converged,0.049804,0.008682,1.9e-05,0.059662,1,1,2.275e-16,2.842e-14,3.756e-15,0.00895042070329523,converged,0.026562,0.001705,2.4e-05,0.02945,1,4,1.265e-07,4.456e-05,3.608e-06,0.018132427843803055,converged,0.001065,0.00055,1.6e-05,0.00279,1,1,7.297e-06,0.00589,2.933e-05,0.19139784946236557
47,ex47.py,52,989,2965,0.000516,0.001139,1e-05,5000,converged,2e-06,0.025488,1.8e-05,0.026646,1,8,3.288e-06,0.003398,1.003e-05,0.019365007881107857,converged,0.024212,0.000747,1.8e-05,0.026116,1,2,3.548e-06,0.00395,1.369e-05,0.019758002756930616,converged,0.047842,0.008838,1.8e-05,0.057837,1,1,9.666e-17,1.421e-14,1.91e-15,0.008921624565589502,converged,0.025016,0.001371,2.5e-05,0.027552,1,3,1.649e-07,9.377e-05,6.798e-07,0.018728222996515678,converged,0.001063,0.000529,1.6e-05,0.002747,1,1,7.087e-06,0.005777,2.822e-05,0.1878412813978886
47,ex47.py,53,1008,3022,0.000562,0.001119,1e-05,5000,converged,2e-06,0.024778,2e-05,0.025918,1,8,3.257e-06,0.003398,9.837e-06,0.02168377189597963,converged,0.025846,0.000806,1.9e-05,0.027789,1,2,3.448e-06,0.003876,1.317e-05,0.020223829572852566,converged,0.052336,0.00905,2.5e-05,0.062529,1,1,9.885e-17,2.132e-14,1.848e-15,0.008987829647043772,converged,0.027313,0.001308,2.5e-05,0.029765,1,3,1.286e-07,7.381e-05,5.262e-07,0.01888123635141945,converged,0.001093,0.000565,2.3e-05,0.0028,1,1,6.888e-06,0.005668,2.717e-05,0.2007142857142857
47,ex47.py,54,1027,3079,0.000526,0.001097,1e-05,5000,converged,2e-06,0.02659,1.9e-05,0.027708,1,8,3.226e-06,0.003398,9.655e-06,0.01898368702179876,converged,0.025439,0.000724,1.9e-05,0.02728,1,2,3.353e-06,0.003804,1.269e-05,0.01928152492668622,converged,0.0534,0.009153,1.9e-05,0.063669,1,1,9.763e-17,1.421e-14,1.834e-15,0.008261477328056039,converged,0.027792,0.001374,2.5e-05,0.030289,1,3,5.8e-06,0.003349,6.702e-05,0.01736604047674073,converged,0.001096,0.000549,1.6e-05,0.002758,1,1,6.697e-06,0.005564,2.618e-05,0.19071791153009426
47,ex47.py,55,1046,3136,0.000546,0.001058,1e-05,5000,converged,2e-06,0.0247,1.8e-05,0.025778,1,8,3.197e-06,0.003398,9.48e-06,0.021180851889207854,converged,0.024086,0.000728,2e-05,0.025891,1,2,3.262e-06,0.003735,1.223e-05,0.02108840909968715,converged,0.049699,0.009314,1.9e-05,0.060089,1,1,2.388e-16,2.842e-14,3.61e-15,0.009086521659538353,converged,0.025769,0.00148,2.8e-05,0.028335,1,3,1.291e-07,7.551e-05,5.186e-07,0.019269454737956593,converged,0.001108,0.00054,1.8e-05,0.002723,1,1,6.516e-06,0.005463,2.524e-05,0.20051413881748073
47,ex47.py,56,1065,3193,0.000564,0.001126,1e-05,5000,converged,2e-06,0.025656,1.8e-05,0.026802,1,8,3.168e-06,0.003398,9.311e-06,0.021043205730915605,converged,0.025186,0.000715,1.9e-05,0.027047,1,2,3.175e-06,0.003669,1.18e-05,0.02085258993603727,converged,0.0532,0.009489,2e-05,0.063835,1,1,9.207e-17,1.421e-14,1.814e-15,0.008835278452259732,converged,0.026667,0.001746,2.8e-05,0.029567,1,4,1.719e-06,0.0002328,5.036e-05,0.01907532045861941,converged,0.001055,0.000554,2.3e-05,0.002759,1,1,6.342e-06,0.005366,2.435e-05,0.2044218919898514
47,ex47.py,57,1084,3250,0.000582,0.001309,1e-05,5000,converged,2e-06,0.02673,1.9e-05,0.028059,1,8,3.14e-06,0.003398,9.148e-06,0.020742007911899927,converged,0.025533,0.00072,1.9e-05,0.027582,1,2,3.092e-06,0.003604,1.139e-05,0.021100717859473574,converged,0.053478,0.009607,1.9e-05,0.064413,1,1,9.447e-17,1.421e-14,1.944e-15,0.009035443155884683,converged,0.027687,0.001376,2.5e-05,0.030396,1,3,5.847e-07,0.0003502,2.307e-06,0.019147256217923413,converged,0.001085,0.000552,1.7e-05,0.002962,1,1,6.176e-06,0.005272,2.35e-05,0.19648885887913575
47,ex47.py,58,1103,3307,0.000597,0.001062,1e-05,5000,converged,2e-06,0.026268,1.9e-05,0.027351,1,8,3.113e-06,0.003398,8.99e-06,0.021827355489744432,converged,0.025301,0.000522,1.9e-05,0.026904,1,1,9.808e-06,0.01731,3.467e-05,0.0221900089206066,converged,0.053691,0.009736,2.1e-05,0.06451,1,1,1.029e-16,1.421e-14,1.971e-15,0.009254379166020772,converged,0.027579,0.001519,2.8e-05,0.030187,1,3,1.234e-07,7.42e-05,4.832e-07,0.019776725080332593,converged,0.001199,0.000588,1.8e-05,0.002867,1,1,6.017e-06,0.005182,2.27e-05,0.2082316009766306
47,ex47.py,59,1122,3364,0.000582,0.001068,1e-05,5000,converged,2e-06,0.02532,2e-05,0.026409,1,8,3.087e-06,0.003398,8.838e-06,0.022037941610814498,converged,0.024136,0.000529,1.8e-05,0.025752,1,1,9.56e-06,0.01702,3.351e-05,0.022600186393289843,converged,0.049973,0.01002,2.8e-05,0.06109,1,1,9.873e-17,2.132e-14,1.882e-15,0.009526927484039943,converged,0.029087,0.001757,2.7e-05,0.031941,1,4,1.105e-07,3.899e-05,3.162e-06,0.01822109514417207,converged,0.001257,0.000595,1.7e-05,0.002937,1,1,5.865e-06,0.005094,2.194e-05,0.19816138917262516
47,ex47.py,60,1141,3421,0.000564,0.001016,1e-05,5000,converged,3e-06,0.026189,1.9e-05,0.027226,1,8,3.061e-06,0.003398,8.691e-06,0.02071549254389187,converged,0.025357,0.00055,2e-05,0.026944,1,1,9.322e-06,0.01674,3.24e-05,0.020932304038004754,converged,0.054468,0.010097,1.9e-05,0.065599,1,1,9.792e-17,1.421e-14,2.103e-15,0.008597692037988384,converged,0.027321,0.001379,2.7e-05,0.029743,1,3,1.538e-07,9.413e-05,5.911e-07,0.018962444945029085,converged,0.001082,0.000557,1.7e-05,0.002672,1,1,5.719e-06,0.00501,2.122e-05,0.21107784431137727
47,ex47.py,61,1160,3478,0.000614,0.001113,1e-05,5000,converged,2e-06,0.026073,1.8e-05,0.027207,1,8,3.036e-06,0.003398,8.549e-06,0.022567721542250157,converged,0.026014,0.000597,1.9e-05,0.027744,1,1,9.093e-06,0.01646,3.135e-05,0.02213091118800461,converged,0.053712,0.010354,2.6e-05,0.065205,1,1,8.307e-17,1.421e-14,1.691e-15,0.009416455793267386,converged,0.026801,0.001392,2.7e-05,0.029333,1,3,1.201e-07,7.41e-05,4.588e-07,0.02093205604609143,converged,0.001156,0.000604,1.8e-05,0.00289,1,1,5.579e-06,0.004928,2.053e-05,0.21245674740484427
47,ex47.py,62,1179,3535,0.000586,0.001151,1e-05,5000,converged,2e-06,0.025684,1.9e-05,0.026855,1,8,3.011e-06,0.003398,8.411e-06,0.021820889964624838,converged,0.02583,0.000588,2.1e-05,0.02759,1,1,8.874e-06,0.0162,3.035e-05,0.021239579557810803,converged,0.052215,0.010374,2e-05,0.06376,1,1,1.07e-16,1.421e-14,1.835e-15,0.009190715181932247,converged,0.026552,0.001349,2.6e-05,0.029078,1,3,5.324e-06,0.003335,6.414e-05,0.020152692757411102,converged,0.001055,0.000534,1.6e-05,0.002755,1,1,5.444e-06,0.004849,1.988e-05,0.21270417422867516
47,ex47.py,63,1198,3592,0.0006,0.001148,1e-05,5000,converged,2e-06,0.025023,1.9e-05,0.026191,1,8,2.987e-06,0.003398,8.278e-06,0.022908632736436178,converged,0.026043,0.000572,1.9e-05,0.027782,1,1,8.664e-06,0.01594,2.939e-05,0.021596717298970555,converged,0.05429,0.010714,2.1e-05,0.066172,1,1,9.543e-17,1.421e-14,1.727e-15,0.009067279211751194,converged,0.027866,0.001471,2.9e-05,0.030513,1,3,1.208e-07,7.576e-05,4.54e-07,0.019663749877101563,converged,0.001107,0.000559,1.7e-05,0.002831,1,1,5.315e-06,0.004772,1.925e-05,0.21193924408336273
47,ex47.py,64,1217,3649,0.000598,0.00117,1e-05,5000,converged,2e-06,0.024184,1.8e-05,0.025375,1,8,2.964e-06,0.003398,8.148e-06,0.023566502463054185,converged,0.024793,0.000557,2e-05,0.026541,1,1,8.461e-06,0.01569,2.848e-05,0.02253117817715987,converged,0.052999,0.010684,2.1e-05,0.064875,1,1,9.465e-17,1.421e-14,1.7e-15,0.009217726396917147,converged,0.026368,0.001659,2.8e-05,0.029226,1,4,1.505e-06,0.0002057,4.41e-05,0.020461233148566346,converged,0.001168,0.000579,1.7e-05,0.002934,1,1,5.191e-06,0.004698,1.866e-05,0.2038173142467621
47,ex47.py,65,1236,3706,0.000621,0.00112,1e-05,5000,converged,3e-06,0.026114,1.9e-05,0.027256,1,8,2.941e-06,0.003398,8.023e-06,0.022783974170824773,converged,0.025841,0.000538,2e-05,0.027519,1,1,8.267e-06,0.01545,2.761e-05,0.02256622697045678,converged,0.054621,0.010886,2e-05,0.066646,1,1,1.041e-16,1.421e-14,1.801e-15,0.00931788854544909,converged,0.028372,0.001378,2.7e-05,0.030897,1,3,5.485e-07,0.0003514,2.037e-06,0.0200990387416254,converged,0.001087,0.000545,1.6e-05,0.002768,1,1,5.072e-06,0.004626,1.809e-05,0.22434971098265896
47,ex47.py,66,1255,3763,0.000464,0.001058,1e-05,5000,converged,2e-06,0.0257,1.9e-05,0.026779,1,8,2.918e-06,0.003398,7.902e-06,0.017327009970499272,converged,0.025287,0.000551,1.9e-05,0.026916,1,1,8.08e-06,0.01522,2.678e-05,0.01723881706048447,converged,0.055034,0.011025,1.9e-05,0.067137,1,1,9.681e-17,1.421e-14,1.637e-15,0.006911241193380699,converged,0.027443,0.00139,2.5e-05,0.029917,1,3,1.159e-07,7.443e-05,4.258e-07,0.015509576494969417,converged,0.001021,0.000544,1.6e-05,0.002639,1,1,4.957e-06,0.004556,1.755e-05,0.17582417582417584
47,ex47.py,67,1274,3820,0.000645,0.001084,1e-05,5000,converged,2e-06,0.026937,1.9e-05,0.028042,1,8,2.897e-06,0.003398,7.784e-06,0.02300121246701376,converged,0.026133,0.000619,2e-05,0.027856,1,1,7.899e-06,0.01499,2.599e-05,0.023154796094198737,converged,0.05483,0.011156,2.2e-05,0.067093,1,1,9.31e-17,1.421e-14,1.674e-15,0.00961352152981682,converged,0.028308,0.001753,3e-05,0.031175,1,4,9.799e-08,3.465e-05,2.813e-06,0.02068965517241379,converged,0.001203,0.000582,1.6e-05,0.002885,1,1,4.847e-06,0.004488,1.703e-05,0.2235701906412478
47,ex47.py,68,1293,3877,0.000617,0.001316,1e-05,5000,converged,3e-06,0.02524,1.8e-05,0.026577,1,8,2.875e-06,0.003399,7.67e-06,0.02321556232832901,converged,0.026265,0.000549,1.9e-05,0.02815,1,1,7.726e-06,0.01477,2.523e-05,0.02191829484902309,converged,0.052243,0.011534,2e-05,0.065113,1,1,9.542e-17,1.421e-14,1.794e-15,0.009475834318799625,converged,0.026417,0.001452,2.7e-05,0.029212,1,3,1.446e-07,9.44e-05,5.229e-07,0.021121456935505958,converged,0.001329,0.000604,1.7e-05,0.003267,1,1,4.74e-06,0.004422,1.653e-05,0.18885827976737068
47,ex47.py,69,1312,3934,0.000625,0.001116,1e-05,5000,converged,2e-06,0.02622,1.9e-05,0.027357,1,8,2.854e-06,0.003399,7.559e-06,0.022846072303249625,converged,0.025016,0.000581,2e-05,0.026732,1,1,7.558e-06,0.01456,2.451e-05,0.023380218464761335,converged,0.052883,0.011462,1.8e-05,0.065478,1,1,1.004e-16,1.421e-14,1.733e-15,0.00954519075109197,converged,0.02573,0.001253,2.5e-05,0.028123,1,3,1.131e-07,7.433e-05,4.067e-07,0.02222380258151691,converged,0.001055,0.000527,1.5e-05,0.002713,1,1,4.638e-06,0.004358,1.606e-05,0.23037228160707704
47,ex47.py,70,1331,3991,0.000678,0.001236,1e-05,5000,converged,2e-06,0.024478,2.5e-05,0.025741,1,8,2.834e-06,0.003399,7.451e-06,0.02633930305737928,converged,0.025551,0.000517,1.9e-05,0.027322,1,1,7.397e-06,0.01435,2.381e-05,0.024815167264475513,converged,0.051874,0.011622,1.9e-05,0.064751,1,1,9.367e-17,1.421e-14,1.812e-15,0.010470880758598323,converged,0.024982,0.001415,2.6e-05,0.027658,1,3,4.93e-06,0.00332,6.157e-05,0.024513703087714226,converged,0.001046,0.000522,1.6e-05,0.00282,1,1,4.539e-06,0.004296,1.561e-05,0.2404255319148936
47,ex47.py,71,1350,4048,0.000621,0.001099,1e-05,5000,converged,2e-06,0.026574,1.8e-05,0.027694,1,8,2.814e-06,0.003399,7.346e-06,0.022423629667075902,converged,0.025237,0.000565,2e-05,0.026921,1,1,7.241e-06,0.01415,2.315e-05,0.023067493778091454,converged,0.056069,0.011824,2.1e-05,0.069013,1,1,2.662e-16,2.132e-14,4.045e-15,0.008998304667236607,converged,0.027322,0.001403,2.7e-05,0.029851,1,3,1.139e-07,7.596e-05,4.038e-07,0.02080332317175304,converged,0.001085,0.00056,1.7e-05,0.002761,1,1,4.443e-06,0.004236,1.517e-05,0.2249185077870337
47,ex47.py,72,1369,4105,0.000633,0.001096,1e-05,5000,converged,2e-06,0.025266,1.8e-05,0.026382,1,8,2.794e-06,0.003399,7.244e-06,0.023993632021833067,converged,0.025411,0.000528,1.9e-05,0.027053,1,1,7.091e-06,0.01395,2.251e-05,0.023398514028019072,converged,0.053634,0.011918,1.9e-05,0.066667,1,1,9.605e-17,1.421e-14,1.92e-15,0.009494952525237374,converged,0.026068,0.001653,2.4e-05,0.028839,1,4,1.339e-06,0.0001846,3.923e-05,0.02194944346197857,converged,0.001069,0.00054,1.6e-05,0.00272,1,1,4.351e-06,0.004177,1.475e-05,0.2327205882352941
47,ex47.py,73,1388,4162,0.000645,0.001159,1e-05,5000,converged,2e-06,0.025978,1.9e-05,0.027158,1,8,2.775e-06,0.003399,7.145e-06,0.02374990794609323,converged,0.025697,0.000554,1.9e-05,0.027429,1,1,6.945e-06,0.01376,2.19e-05,0.023515257574100404,converged,0.05521,0.012147,2e-05,0.068536,1,1,9.938e-17,1.421e-14,1.827e-15,0.009411112408077507,converged,0.027599,0.00142,2.5e-05,0.030203,1,3,5.183e-07,0.0003522,1.827e-06,0.021355494487302583,converged,0.001094,0.000535,1.5e-05,0.002803,1,1,4.262e-06,0.00412,1.435e-05,0.23011059579022475
47,ex47.py,74,1407,4219,0.000658,0.001194,1e-05,5000,converged,2e-06,0.024906,1.9e-05,0.02612,1,8,2.756e-06,0.003399,7.049e-06,0.025191424196018376,converged,0.024894,0.000541,1.9e-05,0.026649,1,1,6.805e-06,0.01358,2.131e-05,0.024691358024691357,converged,0.053009,0.012201,2e-05,0.066425,1,1,1.011e-16,1.421e-14,1.83e-15,0.0099059089198344,converged,0.026657,0.001385,2.6e-05,0.029262,1,3,1.095e-07,7.462e-05,3.806e-07,0.02248650126443852,converged,0.001059,0.00054,1.6e-05,0.002809,1,1,4.176e-06,0.004065,1.397e-05,0.23424706301174794
47,ex47.py,75,1426,4276,0.000647,0.000996,1e-05,5000,converged,2e-06,0.024508,1.9e-05,0.025525,1,8,2.738e-06,0.003399,6.955e-06,0.02534769833496572,converged,0.024237,0.000506,1.9e-05,0.025758,1,1,6.669e-06,0.01339,2.074e-05,0.025118409814426586,converged,0.051516,0.012487,2.1e-05,0.065019,1,1,8.89e-17,1.421e-14,1.766e-15,0.009950937418293115,converged,0.025717,0.001687,2.5e-05,0.028425,1,4,8.805e-08,3.117e-05,2.534e-06,0.02276165347405453,converged,0.001108,0.000529,1.7e-05,0.002649,1,1,4.093e-06,0.004011,1.36e-05,0.24424311060777654
47,ex47.py,76,1445,4333,0.000668,0.001012,1e-05,5000,converged,2e-06,0.02479,1.9e-05,0.025824,1,8,2.72e-06,0.003399,6.863e-06,0.025867410161090457,converged,0.026634,0.00052,1.9e-05,0.028185,1,1,6.538e-06,0.01322,2.02e-05,0.023700549937910233,converged,0.051673,0.012622,1.9e-05,0.065326,1,1,9.163e-17,1.776e-14,1.811e-15,0.010225637571564156,converged,0.025113,0.001422,2.6e-05,0.027573,1,3,1.369e-07,9.461e-05,4.688e-07,0.024226598484024225,converged,0.001093,0.000552,2.4e-05,0.002682,1,1,4.012e-06,0.003958,1.325e-05,0.24906785980611484
47,ex47.py,77,1464,4390,0.000433,0.001084,1e-05,5000,converged,2e-06,0.024009,2e-05,0.025115,1,8,2.702e-06,0.003399,6.774e-06,0.017240692813059927,converged,0.023946,0.000562,1.9e-05,0.025611,1,1,6.411e-06,0.01305,1.968e-05,0.016906797860294406,converged,0.059136,0.012701,1.9e-05,0.072941,1,1,2.286e-16,2.132e-14,3.656e-15,0.005936304684608108,converged,0.025242,0.001235,2.7e-05,0.027588,1,3,1.072e-07,7.451e-05,3.652e-07,0.015695229810062345,converged,0.000998,0.000545,1.7e-05,0.002644,1,1,3.934e-06,0.003907,1.29e-05,0.16376701966717094
47,ex47.py,78,1483,4447,0.000651,0.00099,1e-05,5000,converged,2e-06,0.025569,2.4e-05,0.026584,1,8,2.685e-06,0.003399,6.688e-06,0.024488414083659343,converged,0.024607,0.000562,2e-05,0.026179,1,1,6.288e-06,0.01288,1.918e-05,0.024867260017571335,converged,0.055041,0.012859,1.9e-05,0.068908,1,1,9.887e-17,2.132e-14,2.236e-15,0.009447379114181228,converged,0.025907,0.001364,2.7e-05,0.028288,1,3,4.597e-06,0.003304,5.926e-05,0.023013291855203618,converged,0.001061,0.000533,1.7e-05,0.002601,1,1,3.859e-06,0.003857,1.258e-05,0.2502883506343714
47,ex47.py,79,1502,4504,0.000676,0.001145,1e-05,5000,converged,2e-06,0.026001,2e-05,0.027168,1,7,9.955e-06,0.01268,2.466e-05,0.024882214369846875,converged,0.025746,0.000578,2e-05,0.027489,1,1,6.169e-06,0.01272,1.87e-05,0.024591654843755684,converged,0.057791,0.013155,2.1e-05,0.072113,1,1,8.908e-17,1.421e-14,1.796e-15,0.009374176639440877,converged,0.028472,0.001505,3.2e-05,0.031154,1,3,1.081e-07,7.611e-05,3.635e-07,0.021698658278230722,converged,0.001191,0.000595,1.8e-05,0.002949,1,1,3.786e-06,0.003808,1.226e-05,0.2292302475415395
47,ex47.py,80,1521,4561,0.000643,0.001046,1e-05,5000,converged,2e-06,0.025388,1.8e-05,0.026454,1,7,9.893e-06,0.01268,2.436e-05,0.024306343086111744,converged,0.025645,0.000531,1.9e-05,0.027241,1,1,6.054e-06,0.01256,1.823e-05,0.02360412613340186,converged,0.054885,0.013158,1.9e-05,0.069109,1,1,9.386e-17,1.421e-14,1.634e-15,0.009304142731048055,converged,0.026325,0.001681,2.7e-05,0.029079,1,4,1.205e-06,0.0001677,3.532e-05,0.022112177172530004,converged,0.001111,0.000579,1.6e-05,0.002752,1,1,3.715e-06,0.003761,1.196e-05,0.2336482558139535
47,ex47.py,81,1540,4618,0.000692,0.001055,1e-05,5000,converged,3e-06,0.024837,1.9e-05,0.025914,1,7,9.832e-06,0.01269,2.405e-05,0.026703712279076947,converged,0.025181,0.00057,2.1e-05,0.026827,1,1,5.942e-06,0.0124,1.779e-05,0.02579490811495881,converged,0.055944,0.013287,2e-05,0.070307,1,1,9.283e-17,1.421e-14,1.785e-15,0.009842547683729929,converged,0.026338,0.001366,2.7e-05,0.028786,1,3,4.925e-07,0.0003529,1.66e-06,0.024039463628152576,converged,0.00106,0.000609,2.1e-05,0.002745,1,1,3.646e-06,0.003714,1.166e-05,0.2520947176684882
47,ex47.py,82,1559,4675,0.000672,0.001133,1e-05,5000,converged,2e-06,0.025495,2e-05,0.026649,1,7,9.772e-06,0.01269,2.376e-05,0.025216706067769896,converged,0.025397,0.000499,1.9e-05,0.027048,1,1,5.834e-06,0.01225,1.736e-05,0.024844720496894408,converged,0.055876,0.01364,2.1e-05,0.07067,1,1,9.987e-17,2.132e-14,1.834e-15,0.009508985425215792,converged,0.026435,0.001378,2.7e-05,0.028973,1,3,1.041e-07,7.477e-05,3.44e-07,0.023194008214544575,converged,0.001071,0.000533,1.6e-05,0.002754,1,1,3.58e-06,0.003669,1.138e-05,0.2440087145969499
47,ex47.py,83,1578,4732,0.000707,0.001102,1e-05,5000,converged,2e-06,0.025624,1.9e-05,0.026747,1,7,9.713e-06,0.01269,2.348e-05,0.026432870976184242,converged,0.026398,0.000545,2e-05,0.028065,1,1,5.729e-06,0.0121,1.694e-05,0.025191519686442187,converged,0.057573,0.013634,2e-05,0.072328,1,1,9.383e-17,2.132e-14,1.976e-15,0.009774914279393872,converged,0.027869,0.001677,2.8e-05,0.030676,1,4,7.993e-08,2.833e-05,2.305e-06,0.023047333420263397,converged,0.001019,0.00055,1.7e-05,0.002688,1,1,3.516e-06,0.003625,1.111e-05,0.2630208333333333
47,ex47.py,84,1597,4789,0.000692,0.001019,1e-05,5000,converged,2e-06,0.024825,2e-05,0.025866,1,7,9.655e-06,0.01269,2.32e-05,0.026753266836774144,converged,0.026051,0.000607,2.1e-05,0.027698,1,1,5.627e-06,0.01196,1.654e-05,0.024983753339591307,converged,0.05791,0.013949,2.4e-05,0.072903,1,1,9.909e-17,2.132e-14,2.239e-15,0.009492064798430792,converged,0.028721,0.001523,2.8e-05,0.031292,1,3,1.303e-07,9.478e-05,4.248e-07,0.022114278409817206,converged,0.001306,0.000614,1.8e-05,0.002958,1,1,3.453e-06,0.003582,1.085e-05,0.2339418526031102
47,ex47.py,85,1616,4846,0.00071,0.00106,1e-05,5000,converged,2e-06,0.024865,2e-05,0.025946,1,7,9.598e-06,0.01269,2.292e-05,0.02736452632390349,converged,0.025034,0.000516,2e-05,0.026629,1,1,5.527e-06,0.01182,1.615e-05,0.026662661008674753,converged,0.055325,0.013973,2e-05,0.070377,1,1,9.243e-17,2.132e-14,2.13e-15,0.01008852323912642,converged,0.02609,0.001291,2.6e-05,0.028467,1,3,1.021e-07,7.465e-05,3.314e-07,0.024941159939579162,converged,0.001083,0.000558,1.6e-05,0.002717,1,1,3.392e-06,0.00354,1.06e-05,0.2613176297386824
47,ex47.py,86,1635,4903,0.000733,0.001049,1e-05,5000,converged,2e-06,0.02603,2e-05,0.027101,1,7,9.542e-06,0.01269,2.266e-05,0.027046972436441462,converged,0.025498,0.000541,2e-05,0.027108,1,1,5.431e-06,0.01168,1.578e-05,0.027039988195366682,converged,0.056034,0.014156,1.9e-05,0.071258,1,1,2.335e-16,2.132e-14,3.586e-15,0.010286564315585618,converged,0.026411,0.001361,2.8e-05,0.02885,1,3,4.311e-06,0.003288,5.715e-05,0.02540727902946274,converged,0.00106,0.000524,1.7e-05,0.00265,1,1,3.333e-06,0.003499,1.035e-05,0.2766037735849057
47,ex47.py,87,1654,4960,0.000722,0.001027,1e-05,5000,converged,2e-06,0.025324,2e-05,0.026372,1,7,9.487e-06,0.01269,2.24e-05,0.027377521613832854,converged,0.025467,0.000535,2e-05,0.027048,1,1,5.338e-06,0.01155,1.542e-05,0.026693286010056196,converged,0.058067,0.014292,2e-05,0.073406,1,1,9.82e-17,2.132e-14,1.935e-15,0.009835708252731385,converged,0.027685,0.001415,3.3e-05,0.03016,1,3,1.03e-07,7.624e-05,3.306e-07,0.023938992042440318,converged,0.0011,0.000548,2.3e-05,0.002697,1,1,3.276e-06,0.003459,1.011e-05,0.26770485724879495
47,ex47.py,88,1673,5017,0.000735,0.001106,1e-05,5000,converged,2e-06,0.02625,2e-05,0.027377,1,7,9.433e-06,0.01269,2.214e-05,0.026847353618000513,converged,0.025646,0.000558,2.1e-05,0.02733,1,1,5.247e-06,0.01142,1.507e-05,0.026893523600439076,converged,0.058221,0.014466,2.7e-05,0.07382,1,1,1.011e-16,2.132e-14,1.954e-15,0.009956651314007045,converged,0.028261,0.001878,3.2e-05,0.031277,1,4,1.096e-06,0.0001538,3.212e-05,0.02349969626242926,converged,0.001303,0.000634,1.8e-05,0.003061,1,1,3.22e-06,0.00342,9.887e-06,0.24011760862463247
47,ex47.py,89,1692,5074,0.000789,0.001076,1e-05,5000,converged,2e-06,0.025147,2.1e-05,0.026246,1,7,9.379e-06,0.01269,2.189e-05,0.030061723691229142,converged,0.026716,0.000588,2e-05,0.028401,1,1,5.159e-06,0.01129,1.473e-05,0.02778071194676244,converged,0.055971,0.014623,2.1e-05,0.071692,1,1,1.034e-16,1.421e-14,1.839e-15,0.011005412040395022,converged,0.026905,0.001523,4.1e-05,0.029545,1,3,4.702e-07,0.0003534,1.523e-06,0.02670502623117279,converged,0.001281,0.000629,2e-05,0.003007,1,1,3.166e-06,0.003381,9.666e-06,0.2623877618889258
47,ex47.py,90,1711,5131,0.0008,0.00111,1e-05,5000,converged,2e-06,0.025758,2e-05,0.026891,1,7,9.327e-06,0.01269,2.165e-05,0.029749730393068313,converged,0.024207,0.000494,1.9e-05,0.02583,1,1,5.073e-06,0.01116,1.441e-05,0.030971738288811463,converged,0.057262,0.014754,1.9e-05,0.073145,1,1,2.489e-16,2.842e-14,3.863e-15,0.010937179574817144,converged,0.025837,0.001357,2.7e-05,0.028331,1,3,9.948e-08,7.489e-05,3.139e-07,0.028237619568670363,converged,0.001052,0.000523,1.6e-05,0.0027,1,1,3.114e-06,0.003344,9.453e-06,0.2962962962962963
47,ex47.py,91,1730,5188,0.000767,0.001061,1e-05,5000,converged,2e-06,0.024903,2e-05,0.025986,1,7,9.276e-06,0.01269,2.141e-05,0.029515893173247133,converged,0.025557,0.000569,2.1e-05,0.027208,1,1,4.99e-06,0.01104,1.409e-05,0.028190238165245515,converged,0.057482,0.014949,2.2e-05,0.073513,1,1,2.452e-16,2.842e-14,3.826e-15,0.010433528763620041,converged,0.029235,0.001674,2.8e-05,0.031998,1,4,7.319e-08,2.596e-05,2.114e-06,0.02397024814050878,converged,0.00108,0.000548,1.7e-05,0.002706,1,1,3.062e-06,0.003307,9.247e-06,0.2834441980783444
47,ex47.py,92,1749,5245,0.000861,0.00116,1e-05,5000,converged,2e-06,0.025395,2e-05,0.026576,1,7,9.225e-06,0.01269,2.118e-05,0.03239765201685731,converged,0.024423,0.000621,2.2e-05,0.026225,1,1,4.909e-06,0.01092,1.379e-05,0.032831267874165876,converged,0.057456,0.015081,2.1e-05,0.073718,1,1,1.064e-16,2.132e-14,2.391e-15,0.011679644048943269,converged,0.02697,0.001543,3.3e-05,0.029706,1,3,1.246e-07,9.493e-05,3.884e-07,0.02898404362754999,converged,0.001195,0.000581,1.7e-05,0.002953,1,1,3.013e-06,0.003271,9.048e-06,0.29156789705384356
47,ex47.py,93,1768,5302,0.000799,0.001088,1e-05,5000,converged,2e-06,0.024485,2e-05,0.025595,1,7,9.176e-06,0.01269,2.095e-05,0.031217034577065834,converged,0.025417,0.000527,2e-05,0.027051,1,1,4.83e-06,0.0108,1.35e-05,0.029536800857639278,converged,0.057685,0.015177,2.7e-05,0.073977,1,1,9.694e-17,2.132e-14,2.207e-15,0.010800654257404329,converged,0.02799,0.001323,3e-05,0.030431,1,3,9.768e-08,7.477e-05,3.033e-07,0.02625612040353587,converged,0.001255,0.000578,2.2e-05,0.002943,1,1,2.964e-06,0.003236,8.855e-06,0.27149167516139994
47,ex47.py,94,1787,5359,0.000754,0.001081,1e-05,5000,converged,2e-06,0.026121,2.1e-05,0.027224,1,7,9.127e-06,0.01269,2.073e-05,0.027696150455480458,converged,0.025576,0.000629,2.1e-05,0.027307,1,1,4.753e-06,0.01069,1.321e-05,0.027611967627348296,converged,0.060353,0.015537,3e-05,0.077,1,1,1.088e-16,1.421e-14,2.039e-15,0.009792207792207793,converged,0.027916,0.001386,2.9e-05,0.030412,1,3,4.063e-06,0.003272,5.522e-05,0.02479284492963304,converged,0.001039,0.000545,1.7e-05,0.002681,1,1,2.917e-06,0.003202,8.668e-06,0.2812383439015293
47,ex47.py,95,1806,5416,0.00078,0.001077,1e-05,5000,converged,2e-06,0.026184,2e-05,0.027283,1,7,9.079e-06,0.01269,2.051e-05,0.02858923138950995,converged,0.025663,0.000568,2e-05,0.027328,1,1,4.678e-06,0.01058,1.293e-05,0.028542154566744728,converged,0.059577,0.015497,2e-05,0.076171,1,1,1.074e-16,2.132e-14,2.066e-15,0.010240117630069186,converged,0.027981,0.001473,3e-05,0.03056,1,3,9.866e-08,7.635e-05,3.031e-07,0.025523560209424083,converged,0.001092,0.000545,1.8e-05,0.002732,1,1,2.871e-06,0.003168,8.487e-06,0.28550512445095166
47,ex47.py,96,1825,5473,0.000809,0.001054,1e-05,5000,converged,2e-06,0.02602,2.1e-05,0.027097,1,7,9.031e-06,0.01269,2.03e-05,0.02985570358342252,converged,0.025809,0.000552,2.1e-05,0.027436,1,1,4.605e-06,0.01047,1.267e-05,0.029486805656801285,converged,0.059217,0.015691,2.7e-05,0.07599,1,1,9.645e-17,1.421e-14,1.959e-15,0.010646137649690749,converged,0.028378,0.001689,2.8e-05,0.03115,1,4,1.005e-06,0.0001423,2.946e-05,0.025971107544141253,converged,0.001087,0.000546,1.7e-05,0.002704,1,1,2.826e-06,0.003135,8.311e-06,0.2991863905325444
47,ex47.py,97,1844,5530,0.000826,0.001142,1e-05,5000,converged,2e-06,0.026222,2.1e-05,0.027387,1,7,8.984e-06,0.01269,2.009e-05,0.030160295030488917,converged,0.0256,0.000612,2.1e-05,0.027376,1,1,4.534e-06,0.01036,1.241e-05,0.03017241379310345,converged,0.059936,0.015907,2.9e-05,0.077014,1,1,9e-17,2.132e-14,2.297e-15,0.010725322668605708,converged,0.028037,0.00139,2.8e-05,0.030598,1,3,4.507e-07,0.0003538,1.411e-06,0.02699522844630368,converged,0.001072,0.000539,1.7e-05,0.00277,1,1,2.783e-06,0.003103,8.141e-06,0.29819494584837547
47,ex47.py,98,1863,5587,0.000767,0.001193,1e-05,5000,converged,2e-06,0.026349,2e-05,0.027563,1,7,8.938e-06,0.01269,1.989e-05,0.027827159598011828,converged,0.025284,0.00057,2.1e-05,0.027067,1,1,4.465e-06,0.01025,1.215e-05,0.02833708944471127,converged,0.061588,0.01606,2.7e-05,0.078868,1,1,1.078e-16,2.132e-14,2.257e-15,0.009725110310899225,converged,0.027917,0.00139,3.5e-05,0.030535,1,3,9.539e-08,7.499e-05,2.886e-07,0.02511871622728017,converged,0.001291,0.000579,1.8e-05,0.00308,1,1,2.74e-06,0.003072,7.976e-06,0.24902597402597404
47,ex47.py,99,1882,5644,0.000764,0.001117,1e-05,5000,converged,2e-06,0.025878,2e-05,0.027018,1,7,8.893e-06,0.01269,1.969e-05,0.028277444666518617,converged,0.024662,0.000591,2e-05,0.02639,1,1,4.397e-06,0.01015,1.191e-05,0.028950359984842744,converged,0.058757,0.016659,5.3e-05,0.076586,1,1,2.091e-16,2.132e-14,3.173e-15,0.00997571357689395,converged,0.025878,0.001701,2.8e-05,0.028724,1,4,6.749e-08,2.396e-05,1.952e-06,0.026597966856983707,converged,0.001106,0.000582,1.8e-05,0.002823,1,1,2.699e-06,0.003041,7.816e-06,0.27063407722281263
47,ex47.py,100,1901,5701,0.000916,0.001053,1e-05,5000,converged,2e-06,0.02326,2e-05,0.024334,1,7,8.849e-06,0.01269,1.949e-05,0.03764280430673132,converged,0.024543,0.000526,2e-05,0.026143,1,1,4.331e-06,0.01005,1.167e-05,0.035038059901312014,converged,0.055319,0.016378,2.6e-05,0.072776,1,1,1.05e-16,2.132e-14,1.673e-15,0.012586567000109928,converged,0.026262,0.001367,3.5e-05,0.028717,1,3,1.196e-07,9.505e-05,3.577e-07,0.03189748232754118,converged,0.001097,0.000549,1.7e-05,0.002717,1,1,2.659e-06,0.00301,7.661e-06,0.3371365476628635
48,ex48.py,1,65537,1286748,2.303006,0.014359,1e-05,5000,maxiter,2e-06,1.240912,0.000315,1.255587,0,5000,nan,nan,nan,1.8342066300463447,maxiter,0.032458,1.209181,0.000133,1.256131,0,5000,nan,nan,nan,1.833412279451745,maxiter,1.231757,1.203838,0.000196,2.45015,0,5000,nan,nan,nan,0.9399449013325715,maxiter,0.024185,1.688627,0.000196,1.727367,0,5000,1836.0,0.001452,0.0001456,1.333246495967562,maxiter,0.001228,2.127628,0.000199,2.143414,0,5000,2200.0,0.001269,9.854e-05,1.074456917795629
48,ex48.py,2,262145,5228898,25.716303,0.038802,1e-05,5000,maxiter,3e-06,2.333164,0.000601,2.37257,0,5000,nan,nan,nan,10.839007068284602,maxiter,0.028316,2.330192,0.000615,2.397926,0,5000,nan,nan,nan,10.724393913740457,maxiter,6.875352,2.356809,0.000414,9.271378,0,5000,nan,nan,nan,2.773730399084149,maxiter,0.025125,3.767556,0.001038,3.832521,0,5000,745.5,0.001266,9.77e-05,6.710022723945936,maxiter,0.001981,6.950387,0.000593,6.991765,0,5000,133.9,0.001265,9.759e-05,3.6780845752109803
48,ex48.py,3,1048577,21026906,301.243154,0.126948,1e-05,5000,maxiter,2e-06,8.00688,0.001679,8.13551,0,5000,nan,nan,nan,37.028183113289764,maxiter,0.028618,8.319341,0.001798,8.476706,0,5000,nan,nan,nan,35.53776124829621,maxiter,40.992662,8.351248,0.001646,49.472504,0,5000,nan,nan,nan,6.08910262557157,maxiter,0.03727,14.137484,0.001782,14.303485,0,5000,6463.0,0.001265,9.738e-05,21.060822170261304,timeout,0.005465,30.01013,0.001746,30.144289,0,4982,104.4,0.001265,9.736e-05,9.9933740019544
49,ex49.py,1,49,463,0.000191,0.001215,1e-05,5000,converged,2e-06,0.028156,1.6e-05,0.029389,1,19,6.715e-06,3.372e-05,5.523e-06,0.006499030249413046,converged,0.026283,0.00198,1.7e-05,0.029495,1,10,6.959e-06,2.868e-05,7.733e-06,0.006475673843024242,converged,0.045899,0.001021,1.6e-05,0.048151,1,1,1.275e-06,2.842e-05,1.031e-06,0.00396668812693402,converged,0.027609,0.003358,1.6e-05,0.032198,1,10,9.21e-06,2.67e-05,1e-05,0.005932045468662651,converged,0.001136,0.00365,1.4e-05,0.006014,1,10,6.354e-06,2.797e-05,7.562e-06,0.031759228466910545
49,ex49.py,2,169,1753,0.000309,0.001157,1e-05,5000,converged,2e-06,0.028561,1.7e-05,0.029737,1,21,6.156e-06,4.627e-05,5.738e-06,0.010391095268520698,converged,0.026301,0.00202,1.8e-05,0.029496,1,10,3.464e-06,2.136e-05,3.817e-06,0.010475996745321398,converged,0.046826,0.003788,1.6e-05,0.051788,1,2,2.587e-09,2.279e-08,2.175e-09,0.005966633196879585,converged,0.028,0.003412,2.3e-05,0.032592,1,10,7.823e-06,5.196e-05,7.814e-06,0.00948085419734904,converged,0.001131,0.006651,1.6e-05,0.008956,1,18,6.04e-06,1.441e-05,3.446e-06,0.03450200982581509
49,ex49.py,3,361,3871,0.000609,0.001065,1e-05,5000,converged,2e-06,0.027486,1.6e-05,0.02857,1,21,5.53e-06,7.793e-05,5.209e-06,0.021316065803290162,converged,0.024624,0.00193,1.7e-05,0.027636,1,9,5.931e-06,4.714e-05,5.199e-06,0.022036474164133735,converged,0.045573,0.004871,1.8e-05,0.051527,1,2,7.592e-09,8.796e-08,6.251e-09,0.01181904632522755,converged,0.026776,0.003607,1.7e-05,0.031465,1,10,9.7e-06,0.000128,8.242e-06,0.019354838709677417,converged,0.001066,0.010792,1.4e-05,0.012938,1,30,5.221e-06,1.159e-05,2.314e-06,0.04707064461276859
49,ex49.py,4,625,6817,0.001051,0.001104,1e-05,5000,converged,3e-06,0.028277,1.7e-05,0.029401,1,20,9.099e-06,0.0001773,7.069e-06,0.03574708343253631,converged,0.024359,0.001783,1.9e-05,0.027265,1,8,8.414e-06,8.566e-05,8.057e-06,0.03854758848340363,converged,0.046438,0.006853,1.7e-05,0.054413,1,2,1.092e-08,1.042e-07,7.606e-09,0.01931523716758863,converged,0.02647,0.003546,2.2e-05,0.031142,1,10,6.294e-06,5.537e-05,5.556e-06,0.03374863528353992,converged,0.001014,0.018287,1.6e-05,0.020422,1,45,6.642e-06,1.075e-05,2.334e-06,0.05146410733522672
49,ex49.py,5,961,10591,0.001648,0.001014,1e-05,5000,converged,2e-06,0.017878,1.8e-05,0.018912,1,20,7.944e-06,0.0001984,5.675e-06,0.0871404399323181,converged,0.02054,0.001757,2e-05,0.023331,1,8,5.945e-06,6.907e-05,5.479e-06,0.07063563499207064,converged,0.047469,0.009485,1.7e-05,0.057986,1,2,1.459e-08,1.275e-07,9.922e-09,0.028420653261131995,converged,0.026637,0.003685,2.5e-05,0.031362,1,10,9.852e-06,0.0001066,7.66e-06,0.052547669153752946,converged,0.001114,0.021234,2.1e-05,0.023383,1,59,6.947e-06,2.002e-05,2.792e-06,0.07047855279476542
